placeName	placeTags	numPeopleVisited	numPeopleWant	placeDesc	placeShortDesc	placesNearby	placeAddress	placeAlt	placeLong	placeEditors	placePubDate	placeRelatedLists	placeRelatedPlaces	placeUrl
1950s All-Electric House	['energy', 'aletrail', 'electricity', 'electrical oddities', 'retro-tech', 'technology', 'houses', 'homes']	163	651	"This home of the future from the past features aqua tiles in the bathroom, pink counters in the kitchen, and green paint on several walls. The bells and whistles are many—it seems anywhere an electrical feature or modern convenience could be slotted in, it was. 
At the touch of a button, a painting on the wall slides back to reveal a TV. The curtains are electric. The fridge opens via foot pedal. A switch starts the coffee pot. Some of the home’s features, like the automatic garage door, seem less dated, but were the height of in-home tech at the time. 
In 1954, Kansas City Power & Light created this ranch-style house as a model home. It was gussied up with all of the latest and greatest technological advancements, which now amuse and delight the nostalgic visitors passing through. 
The very definition of the post-WWII suburban dream, the All-Electric House operated as a model home in Prairie Village (a suburb of Kansas City) throughout 1954. During that time, it saw more than 62,000 visitors—which is more people than lived in all of Johnson County. Eventually, the home was purchased. It was a single-family home for more than 40 years before being converted into a museum. The home is famous for its decorations during the holiday season when it is tinseled up in period style, including an aluminum Christmas tree and classic 1950s gifts. 
In 2017, the museum moved from its former location in Shawnee to a new display center. The entire home was loaded onto the back of a truck and driven the 9 miles down the road to the Johnson County Museum’s new home in the Johnson County Arts & Heritage Center. The All-Electric House’s inclusion inside the Museum’s exhibits gives even more people the opportunity to walk through the front door and down memory lane."	This retro-future model home is packed to the gills with electrical oddities.	{'The National Museum of Toys and Miniatures', 'Country Club Plaza', 'Lawrin Gravesite'}	8788 Metcalf AveOverland Park, KansasUnited States	38.9691	-94.6686	['hana', 'Collector of Experiences', 'alisam9', 'andrewgustafson']	2017-06-08	"['The House of Wonders', 'The Z Machine', 'Pentagon Cable Crossing Sign', ""'Unsinkable' Molly Brown House""]"		https://jcprd.com/330/Museum/
