placeName	placeTags	numPeopleVisited	numPeopleWant	placeDesc	placeShortDesc	placesNearby	placeAddress	placeAlt	placeLong	placeEditors	placePubDate	placeRelatedLists	placeRelatedPlaces	placeUrl
419.99 Mile Marker	['marijuana', 'roads', 'transportation', 'roadside attractions']	236	852	"It’s an otherwise unremarkable stretch of Interstate 70, just west of the Kansas border. There are the familiar large green mile-marker signs on the side of the highway; familiar, that is, with one exception.
Since the recreational use of marijuana was made legal in Colorado in 2012, the “Mile 420” post became a hot commodity. So hot, it kept disappearing — and the Colorado Department of Transportation got tired of replacing it.
The solution came with some out-of-the-DOT-box thinking: They shifted the spot by a hundredth of a mile, and turned Mile 420 into Mile 419.99.
There has been less sign thievery since the switch, but it hasn’t been a complete success. The Mile 419.99 sign has gone missing a few times too, but despite the occasional sticky green fingers the spot has become a destination. For some it’s just to see if the sign is for real, for others to maybe grab a few selfies. Still, perhaps surprisingly, the new signs have lasted longer than the old—the State of Colorado’s rare signage creativity seems to be paying off.
 
Update June 2019: The sign has been gone since 2017."	"When zealous marijuana enthusiasts kept stealing the ""Mile 420"" highway marker, the State of Colorado got creative."	{'Prairie Futures', 'Mount Sunflower', 'Kit Carson County Carousel'}	I-70 just east of Exit 419Stratton, Colorado, 80836United States	39.2943	-102.5815	['ExploringTheObscure', 'eharjes', 'Hosch', 'jongrantham', 'cait7911', 'maevekreilly', 'maevekreilly', 't\n\ntorikempy', 'c\n\ncait7911', 'K\n\nKMP64', 'ZabeEvans', 'Hosch', 'e\n\neharjes', 'jongrantham']	2016-06-28	['Mulkot Mirror Wall', 'Frankfort Marine Gateway', 'Stadtapotheke Wiesloch', 'Lower Lower Wacker Drive']		
