placeName	placeTags	numPeopleVisited	numPeopleWant	placeDesc	placeShortDesc	placesNearby	placeAddress	placeAlt	placeLong	placeEditors	placePubDate	placeRelatedLists	placeRelatedPlaces	placeUrl
Hiroshima Peace Memorial	['atom bombs', 'domes', 'disaster areas', 'world war ii', 'memorials', 'museums and collections']	1088	667	"On Monday, August 6, 1945, at 8:15 a.m., a U.S. bomber dropped the first nuclear weapon used in warfare over the city of Hiroshima.
Estimates of the number killed vary from 90,000 to 166,000 people radiating from the bomb’s hypocenter, or mid-air detonation, with at least half killed in the first seconds of the blast, and others perishing of radiation injuries up to four months after the blast.
A building exactly at ground zero was partly destroyed, but a piece remained standing, making it “the building closest to the hypocenter of the nuclear bomb that remained at least partially standing.” It has been preserved as a reminder of the awful event.
The museum in the Peace Park faces the A-bomb dome and contains relics of the explosion which includes “clothing, watches, hair, and other personal effects worn by victims of the bomb” and “a section that looks at what happened to wood, stone, metal, glass, and flesh from the heat” and details about the health effects suffered by humans from the radiation from the blast."	Peace Park and the Atomic Bomb Dome.	"{""Hiroshima's Hypocenter"", 'Human Shadow Etched in Stone', 'Fudenosato Kobo Brush Museum'}"	1-2 Nakajimama-choNaka-kuHiroshimaJapan	34.3920	132.4519	['Rachel', 'Mark Casey', 'im71202', 'monacensia', 'Mark Loftin', 's\n\nsarahgracemadaris', 'im71202', 'Mark Loftin', 'm\n\nmonacensia', 'SkareMedia', 'Rachel', 'Mark Casey']	2010-03-08	"['Memorium Nürnberger Prozesse (Nuremberg Trials Memorial)', 'Bradbury Science Museum', ""Hiroshima's Hypocenter"", 'War Museum Askifou']"		https://hpmmuseum.jp/
