placeName	placeTags	numPeopleVisited	numPeopleWant	placeDesc	placeShortDesc	placesNearby	placeAddress	placeAlt	placeLong	placeEditors	placePubDate	placeRelatedLists	placeRelatedPlaces	placeUrl
A Century of Hats	['hotels', 'collections', 'museums and collections', 'museums']	179	624	"A Century of Hats is a genteel exhibit, in a genteel hotel lobby, in what is arguably America’s most genteel city.
This 100-year-old parade of feathers, silk, and straw is housed in the Mansion on Forsyth Park, Savannah’s premier luxury hotel. The current 126-room hotel was built onto an existing 1888 mansion overlooking the historic district’s Forsyth Park. Its developer, Savannah-born Richard C. Kessler, is also an avid art collector and has filled the Mansion with over 400 pieces of original artwork, inspired by the history and romance of Savannah.
The Century of Hats exhibit came about when Kessler made the acquaintance of a Midwestern woman who dealt in vintage clothing.  In passing, he mentioned his idea for an exhibit of historical ladies’ hats and before the conversation had ended, he had presented her with a $10,000 check to assemble his proposed collection. He only had to wait a short time before hat boxes began appearing on his doorstep, containing every shape and flavor of headpiece ever conceived.
The hats in the exhibit, whose provenance spans the 1860s-1960s, are arranged chronologically in two long display cases, flanked by two framed codices. Included in the collection is a wedding bonnet from the 1860s, worn by a Northern woman on the day of her marriage to a Southern gentleman. To the keen sartorial eye, this fact will be decipherable by the bonnet’s contrasting blue/white ribbon trim. 
A friendly waiter pointed out that when you stand in front of the display case, your reflection allows you to “try on” the different specimens."	Tucked away inside a historic Savannah hotel is a hundred-year history presented in ladies' lids.	{'Johnny Mercer’s Childhood Home', 'The Marshall House', 'Colonial Park Cemetery'}	700 Drayton StreetSavannah, Georgia, 31401United States	32.0673	-81.0946	['Lady Delaney', 'Collector of Experiences', 'Molly McBride Jacobson']	2015-03-17	['Booze History Museum', 'Stazione Neapolis', 'African Heritage House', 'Alaska Highway Hat Collection']		http://www.mansiononforsythpark.com/
