placeName	placeTags	numPeopleVisited	numPeopleWant	placeDesc	placeShortDesc	placesNearby	placeAddress	placeAlt	placeLong	placeEditors	placePubDate	placeRelatedLists	placeRelatedPlaces	placeUrl
'A Sound Garden'	['sounds', 'inventions', 'music', 'outsider art', 'monuments']	651	2399	"“A Sound Garden” is a huge musical instrument and art installation created by Douglas R. Hollis, on the National Oceanic and Atmospheric Administration Western Service Center campus.
Located on a hill overlooking Lake Washington in Seattle, the giant pipe-like structures murmur, whistle, and howl when the wind blows through them. The Seattle band Soundgarden famously named themselves after the Hollis piece.
Other art installations on the NOAA campus include works by such artists as Scott Burton, Martin Puryear, and Siah Armajani.
Visiting the NOAA campus is free, but security is tight. Make sure to bring a photo ID with you in order to get a day pass, and be prepared to have your bags searched. You also have to park your car and hike about a half mile to get to the art installations. The walk is well worth it."	A huge musical sculpture and other art installations on the National Oceanic and Atmospheric Administration grounds.	{'World Flight Monument', 'Magnuson Park Fin Art', 'The Wedgwood Rock'}	7600 Sand Point Way NESeattle, Washington, 98115United States	47.6855	-122.2499	['Meat Haze', 'tonyanrob', 'littlebrumble', 'Leslie McIntyre', 'crackdogx', 'vksnyder', 'tonyanrob', 'Meat Haze', 'Leslie McIntyre', 'c\n\ncrackdogx', 'littlebrumble']	2010-05-12	['Gunnar Schonbeck Exhibit', 'Times Square Hum', 'The Wave Organ', 'Sonic Runway']		http://www.seattle.gov/PARKS/Magnuson/docs/NOAA_art_walk_brochure.pdf
