placeName	placeTags	numPeopleVisited	numPeopleWant	placeDesc	placeShortDesc	placesNearby	placeAddress	placeAlt	placeLong	placeEditors	placePubDate	placeRelatedLists	placeRelatedPlaces	placeUrl
A Trail Through Time	['quarries', 'dinosaurs', 'fossils', 'trails', 'geology', 'animals']	162	889	"The Mygatt-Moore quarry, an active dinosaur bone quarry just off I-70 in western Colorado, is the starting point for a short hike through bone deposits of the Rabbit Valley. Several partial Camarasaurus and Diplodocus skeletons have been left in the native rock along a 1.5-mile relatively easy trail. You’ll also spot plant fossils among the rocks.
The Camarasaurus skeleton includes a substantial backbone as well as parts of the hip and upper leg. The bone bed offers an opportunity to see the way bones are jumbled and scattered during deposition, making it clear how difficult sorting out the puzzle can be.
The partial Diplodocus skeleton, which features the long-dead creature’s upper neck, illustrates the way the neck muscles tighten in death. You’ll also find other bones from the dinosaur near the neck bones.
The quarry at the start of the trail occasionally has workers from the Museum of Western Colorado, who are willing to discuss their work when they are present."	This interpretive path lets you get up close and personal with dinosaur bones.	"{""'Mike the Headless Chicken' Sculpture"", 'Rattlesnake Canyon Arches', 'Independence Monument'}"	Rabbit Valley RdMack, Colorado, 81525United States	39.1934	-109.0207	['cyccommute', 'breaingram']	2019-09-05	['Garden Park Fossil Area', 'Powder Hill Dinosaur Park', 'Flaming Cliffs', 'Dinosaur Tracks at Government Canyon']		
