placeName	placeTags	numPeopleVisited	numPeopleWant	placeDesc	placeShortDesc	placesNearby	placeAddress	placeAlt	placeLong	placeEditors	placePubDate	placeRelatedLists	placeRelatedPlaces	placeUrl
AAF Tank Museum	['tanks', 'military history', 'military', 'museums and collections', 'museums']	109	475	"The American Armed Forces Tank Museum (AAF Tank Museum) in Danville, Virginia is filled with huge metal pieces of art, so long as your conception of artistry is the beauty found in military tanks.
One such appreciator is William Gasser, the owner and operator of the museum, who has been collecting old tanks since the 1970s - 80s. He opened his current museum in 2003, moving almost 3,000 tons of tanks and equipment to the massive 330,000 square foot space, giving him the room to show off his rolling coffin collection. In addition to appreciating the engineering marvel of the large vehicles, Gasser established the museum to honor all those who died in war, specifically by tanks.
The tanks in the museum hail from just about every era of warfare, ranging from World War I to Operation Desert Storm. Many of them are simply parked as though they are on display in a car collector’s garage, but still others have been placed amongst reconstructed battle scenes, complete with terrain and soldier mannequins. It may be one of the grandest presentations of just TANKS anywhere in America.
Due to funding issues, the museum may not remain in its current home for much longer, but wherever it ends up, the rolling thunder will likely accompany it."	This sprawling museum holds one man's giant collection of real tanks.	{'Charlotte Hawkins Brown Museum', 'Castle Mont Rouge', 'Shangri-La Stone Village'}	3321 N Main StreetDanville, Virginia, 24540United States	36.6432	-79.3824	['philhealy', 'MTFLNYVANCCOWY']	2016-02-26	['Military Technical Museum of Lesany', 'The Lanchester Diploma', 'Museum of Lincolnshire Life', 'Cold War Museum']		http://www.aaftankmuseum.com/index.html
