placeName	placeTags	numPeopleVisited	numPeopleWant	placeDesc	placeShortDesc	placesNearby	placeAddress	placeAlt	placeLong	placeEditors	placePubDate	placeRelatedLists	placeRelatedPlaces	placeUrl
Abandoned Knox Coal Distribution Center	['coal', 'graffiti', 'mines', 'industrial', 'abandoned', 'ruins']	161	1140	"Hidden away and engulfed by nature is an abandoned coal distribution facility that endured multiple fires and years of weathering. Its surviving buildings hold the clues that suggest what this place was used for.
Back in its heyday, this site was used for storing and transferring coal. The Knox Coal Mine company built as a hub for transporting coal by road, railroad, and boat back when Pittston was essential for mining and coal transportation.
But as with many mines, the Knox Mine disaster saw an end to its operations. The disaster spurred new safety laws, and the mine was unable to keep pace with the changing economic environment.
Today, the buildings remain abandoned, nearly swallowed by the woods. The first structure you’ll see from the path by the road has a huge iron frame roof that has long since collapsed due to fires and weathering. There is an iron beam in this main building that has an embossed business logo. This large open building is connected to three other buildings, along with two small storage structures that have been reclaimed by nature. Before these two is a loading dock covered with graffiti.
The structures behind the main building are a storage closet, a path to a large pile of bricks, and another opened-up room that allows you to climb up the wall (at your own risk), and a large area with garage-type doors. The space has some coal car tracks that may have been used to slide these cars for loading onto trucks.
Update as of October 2022: This site is now a working factory."	The graffitied ruins stand hidden within the Pennsylvania woods.	{'Seven Tubs at Pinchot State Forest', 'Lackawanna Coal Mine', 'Wilkes-Barre Abandoned Train Station'}	100 Thompson StPittston, Pennsylvania, 18640United States	41.3100	-75.8025	['lukesegarra', 'ghostfilm', 'betajunk', 'mishmish3', 'finestimpression29', 'ashleykpoulos', 'b\n\nbetajunk', 'm\n\nmishmish3', 'a\n\nashleykpoulos', 'f\n\nfinestimpression29', 'TheKopasClan', 'ghostfilm']	2019-06-21	['Aldridge Sawmill', 'Aladdin Coal Tipple', 'Tintic Standard Reduction Mill', 'Pleasley Pit']		
