placeName	placeTags	numPeopleVisited	numPeopleWant	placeDesc	placeShortDesc	placesNearby	placeAddress	placeAlt	placeLong	placeEditors	placePubDate	placeRelatedLists	placeRelatedPlaces	placeUrl
Abandoned Redbird	['subways', 'cities', 'trains', 'transportation', 'abandoned']	156	460	"The Redbird trains are probably the most iconic New York subway cars in history, running on some of the numbered IRT lines (2, 4, 5, 6, and 7) for around 40 years. They were painted red to combat graffiti in the 1980s, and retired in the early 2000s in favor of more modern trains with electronic signage and automated announcements.
Nearly 1,300 of the now-obsolete cars found a second life as artificial reefs, sunk to the bottom of the ocean off the shores of Delaware, Georgia, New Jersey, North Carolina, and Virginia.
But not all of the Redbirds ended up in a watery grave; a few found their way to collections like that of the New York Transit Museum. One particular car, R33 9075, ended up back in Queens across from the Borough Hall in the Kew Gardens neighborhood, to serve as a tourism center dispensing information on the culturally diverse borough’s assortment of attractions and eateries. 
Unfortunately, being located a 40-minute subway ride from Manhattan means Kew Gardens doesn’t see many visitors, and the center was most frequented by confused locals who wandered in to see why there was a train sitting in the middle of the grass. With only 12 visitors on an average day, it was finally closed in 2015. The subway car remains on display, though, and curious onlookers can climb the platform and peer through the windows to see relics of a bygone time."	A retired subway car stands alone in a field in the middle of Queens.	"{'Luna de Xelajú', ""'The Ramp'"", 'The Kitty Genovese Residence'}"	82nd AveQueens, New YorkUnited States	40.7132	-73.8272	['lampbane']	2019-08-30	['Supper Club Tube', 'Tünel', 'Hofpavillon Hietzing', 'Crystal Palace Subway']		
