placeName	placeTags	numPeopleVisited	numPeopleWant	placeDesc	placeShortDesc	placesNearby	placeAddress	placeAlt	placeLong	placeEditors	placePubDate	placeRelatedLists	placeRelatedPlaces	placeUrl
Abandoned Iraqi Embassy	['abandoned', 'ruins']	213	703	"The government of the German Democratic Republic and Iraq seemed to have been fast friends after Iraq became the first country to recognize East Germany as a country in 1969 but the abandoned Iraqi embassy building in Berlin more accurately reflects the two countries’ current relationship. 
The Iraqi consulate moved into the austere concrete building in 1974 and used the embassy regularly to nip over to the west for various naughty political things. This malfeasance isn’t an assumption either; for instance, in 1980 the secretary of the embassy and the head of Iraqi intelligence were caught red-handed collecting a suitcase full of explosives!
After the reunification of Germany the new government ordered the Iraqis out in January 1991 due to the (1st) Gulf War and you get the feeling that they didn’t even bother packing or cleaning their desks out before shutting the door. The empty building is now littered with mouldering documents and old furniture just waiting for any urban explorer to read, assuming that they are fluent in Arabic.
Update May 2018: The embassy is boarded up. However, at your own risk, if you walk past it you on the main street, you can hop the fence into adjacent lot and follow the creek to the broken part of the fence. Follow the path to it. There is a part were someone kicked the board in and propped it up."	When German-Iraqi relations broke down, this embassy was vacated post haste.	{'Humboldthain Flak Tower', 'Silent Green Kulturquartier', 'Berliner Unterwelten (Subterranean Berlin)'}	47 TschaikowskistraßeBerlin, 13156Germany	52.5757	13.3949	['lilli', 'Martin', 'KDot']	2012-09-03	['Jekyll Island Amphitheater', 'Warm Springs Ghost Town', 'Marshall Hall', 'Strichen House']		
