placeName	placeTags	numPeopleVisited	numPeopleWant	placeDesc	placeShortDesc	placesNearby	placeAddress	placeAlt	placeLong	placeEditors	placePubDate	placeRelatedLists	placeRelatedPlaces	placeUrl
The Cartersville Abandoned Plane	['airplanes', 'graffiti', 'abandoned']	130	607	"This discarded G-159 Gulfstream plane was abandoned near a river put in during the mid-2000s. It has since been picked clean by salvagers, the wings, tail, wiring, and instrument panels are no longer present. 
However, the fuselage and leather seats remain and display the effects of more than 15 years of exposure to the elements. In recent years, the airliner has become a canvas, as the site has gained popularity with area teenagers, intrepid hikers, and graffiti artists. 
The twin turbo-prop was retired and scrapped by nearby Phoenix Air and dumped in the woods on city land. Despite some speculation, this is NOT the Dessault Falcon 20 that crashed near the Cartersville airport in 1989. This aircraft used to carry the registration number N173PA but that registration was canceled in January 2005 and subsequently transferred to a newer Gulfstream III that Phoenix Air currently uses as air ambulance.
The scrapped aircraft currently resides on land owned by the City of Cartersville. There’s a parking lot nearby for the put-in for kayakers and tubers that connects to a walking trail and a gravel service road.  Follow the gravel road past the gate that keeps vehicles out and follow the road around to the right, and stay to the right when the road forks. Just past the fork in the road, start looking to your left. When you see an open meadow on your left next to a stand of trees, walk into the meadow about 20 yards. You’ll see the plane tucked in the trees on your left.
Update October 2021: The plane has been removed from this location."	This mysterious twin turboprop Grumman G-159 covered in graffiti has spent a decade and a half abandoned.	{'Braswell Mountain Rail Tunnel', 'Old Car City', 'Etowah Indian Mounds'}	1540 West AveCartersville, Georgia, 30120United States	34.1412	-84.8351	['wjrandon', 'JinxDuh', 'ryansanscrainte', 'Breiti', 'timelesscreations', 'tjenk', 'J\n\nJinxDuh', 'r\n\nrebus20', 'r\n\nryansanscrainte', 'Jennn', 'a\n\nabby319', 't\n\ntimelesscreations', 'Breiti', 'j\n\njennyann02', 'v\n\nviridis', 't\n\ntjenk', 'jessemiers']	2020-05-12	['Wasa Graffitilandia', 'Beautiful Betsy Crash Site', 'Ekranoplan Lun', 'Union Pond Mill']		
