placeName	placeTags	numPeopleVisited	numPeopleWant	placeDesc	placeShortDesc	placesNearby	placeAddress	placeAlt	placeLong	placeEditors	placePubDate	placeRelatedLists	placeRelatedPlaces	placeUrl
Abandoned Girl Scout Camp at Beechwood State Park	['camping', 'cabins', 'parks', 'abandoned']	105	743	"The empty deteriorating cabins are reminiscent of an 80s horror slasher flick.
The Girl Scout Camp closed in the mid-to-late 1990s. Neither the town nor the state wanted the land, but the town ended up with it, and turned it into a “state park”, which, it seems, they immediately forgot about. The abandoned buildings include a mess hall, various cabins, vinyl-curtained lean-tos, a campfire ring, and even a swimming pool. The cabins feature much broken glass, bed frames that seem to have been ripped apart, and holes aplenty in the walls. Various graffiti lines many surfaces in the park, even trees.
As of fall of 2018, the town of Sodus is increasing security on the premises, to hopefully curb the vandalism.  Despite all of this, the park itself is quite beautiful, lush with greenery and tall towering trees, bordering Lake Ontario. Camp Beechwood is a great area to explore, almost completely flat, making it an easy walk. It is especially gorgeous in the fall when the leaves are full of color. In 2019, the state took over the park and temporarily closed it to visitors for a time after vandalism and a past fire.
Update April 2020: The park has a caretaker now, and is expected to open for free camping, for up to five days at a time."	A deteriorating 1990s Girl Scout camp in a beautiful lush park on Lake Ontario.	{'The Sacred Grove', 'Grandin Printing Shop', 'Hill Cumorah'}	7353-7425 County Rd 101Sodus, New York, 14551United States	43.2637	-77.0315	['Melissylvania', 'Bandit8463', 'hancockkate', 'clickinghdd', 'chrisleece01', 'denunziotaylor2', 'd\n\ndenunziotaylor2', 'h\n\nhancockkate', 'JustLostIt', 'clickinghdd', 'japril114', 'bendboy', 'c\n\nchrisleece01', 'Bandit8463', 'c\n\ncindycornelius']	2016-07-18	['Burling Cabin Site', 'Assabet River National Wildlife Refuge', 'Natur-Park Südgelände', 'Feria del Campo (Campo Fair)']		http://nyfalls.com/lakes/ontario/beechwood-state-park/
