placeName	placeTags	numPeopleVisited	numPeopleWant	placeDesc	placeShortDesc	placesNearby	placeAddress	placeAlt	placeLong	placeEditors	placePubDate	placeRelatedLists	placeRelatedPlaces	placeUrl
Penitente Morada of Abiquiú	['villages', 'churches', 'sacred spaces', 'architecture']	85	497	"This picturesque building was a sacred meeting site for the Penitente Brotherhood. Its members (Catholics of Spanish descent) dedicated themselves to community service and memorializing the spirit of the penance and the Passion of Christ.
The Penitente Morada, which was originally built in the 1700s and recently restored, is located up a winding dirt road within the village of Abiquiú. The area has an abundance of cultural, religious, and artistic history complemented by the beauty of the Chama River Valley and the surrounding towering red spires and prominent white and gray cliffs of Plaza Blanca.
The actual village, referred to as the Pueblo de Abiquiú, is a quiet community tucked away just off the highway in the western cliffs of the valley. Spanish settlers began to populate this area in the 1730s. The Pueblo de Abiquiú, which is centered around an adobe church and convento, was built on the site of a long-abandoned pre-Puebloan Tewa Indian village. Its citizens, who are descendants of the original Spanish and Genízaro (detribalized and enslaved Native Americans) inhabitants, currently number less than 250.
Also within the village is the Georgia O’Keeffe Home and Studio, an impressive 5,000-square-foot Spanish Colonial compound with commanding views of the Chama River Valley and its abundant cottonwood trees and green pastures. This home and the surroundings provided O’Keeffe with the insight and vision behind dozens of her compositions. She lived there from the 1940s to shortly before her death in 1986."	The building stands within a quiet, postcard-perfect New Mexico village.	{'Chicoma Mountain', 'Ghost Ranch', 'Cerro Pedernal'}	Abiquiu, New MexicoUnited States	36.2065	-106.3160	['syabek', 'jlsnyder']	2018-08-20	['The Steeple in the Edersee', 'Santuário de Santa Luzia', 'Chapel on the Dunes', 'Mantua Cathedral (Cattedrale di San Pietro)']		
