placeName	placeTags	numPeopleVisited	numPeopleWant	placeDesc	placeShortDesc	placesNearby	placeAddress	placeAlt	placeLong	placeEditors	placePubDate	placeRelatedLists	placeRelatedPlaces	placeUrl
Abita Mystery House	['hunting and taxidermy', 'wunderkammers', 'taxidermy', 'outsider architecture', 'outsider art']	323	931	"John Preble, a Louisiana painter, has picked up just about every rock, bottle, and license plate he has passed. Inspired by the Tinkertown Museum in New Mexico, he put it all together in the Abita Mystery House, also known as the UCM Museum. Pronounced “you-see-em-mu-se-um”, the name stands for Unusual Collections and Mini-town.
Just outside of New Orleans, it is a roadside attraction and folk art environment with thousands of found objects and home-made inventions. A rambling place spread over a number of buildings, one enters UCM through an old Standard Oil Gas Station on their way to see art cars, an old creole cottage, and a house covered in mosaic tiles, each one stuffed with a different collection. The exhibits range from a comb collection to arcade machines to Darrell: the half-alligator half-dog dogigator.
There are also miniature towns with push-buttons that activate animated displays such as the “jazz funeral” display and “Lil Bubs BBQ.” The exhibits are eclectic, and range from the truly amazing to pure junk. There is even a cave and a trailer that was “hit” by a flying saucer shown under the title “UFO vs. Airstream.”
As the museum explains, “If you have 3 or more, it’s a collection. A museum has over 3 collections.” The museum also boasts a gift shop full of the jewelry and wares of local artists."	A museum of unusual collections, mini-towns, and a half-dog, half-alligator.	{'Dew Drop Jazz and Social Hall', 'Lake Pontchartrain Causeway', 'Manchac Swamp Bridge'}	22275 Hwy 36Abita Springs, Louisiana, 70420United States	30.4774	-90.0363	['greennorthcutt', 'beccaj2021', 'Annetta Black', 'Rebekah Otto', 'michelle', 'b\n\nbeccaj2021', 'j\n\njohnpreb', 'themayqueen', 'MsWise', 'D\n\nDiamond504', 'g\n\ngreennorthcutt', 'JoannaT', 'j\n\njte727', 'hymnherself', 'm\n\nmbison', 'r\n\nrenakaba', 'Rebekah Otto', 'Annetta Black', 'michelle']	2010-02-15	['The Drive-Thru Museum', 'The Museum Of Wonder', 'Baan Dam - Black House', 'Gopher Hole Museum']		http://abitamysteryhouse.com/
