placeName	placeTags	numPeopleVisited	numPeopleWant	placeDesc	placeShortDesc	placesNearby	placeAddress	placeAlt	placeLong	placeEditors	placePubDate	placeRelatedLists	placeRelatedPlaces	placeUrl
Adventure Playground	['outsider architecture']	332	768	"Berkeley’s Adventure Playground opened in 1979 and still has that old ’70s feeling, where kids run free and let their creative impulses go wild.
Painted wooden shacks and other ramshackle structures are scattered all about, all built by children. A large rope net and odd discarded industrial pieces (old tires, giant pipes and the like) invite climbing and crawling and hiding. The always-popular zipline sends kids hurtling straight into a big pile of sand.
Adult supervision is minimal. The staff provides a bit of guidance if needed, and makes sure the park is basically safe, but children are given the freedom to experiment and take small risks. By helping with a bit of cleanup, kids may earn hammers, saws, or paint; scraps of wood are always accessible. It can be a little unnerving to see a small child wielding a saw, or happily rolling downhill inside a plastic barrel, but giving children the space to take these kinds of risks is the purpose of the park. 
The adventure playground concept originated with Danish landscape architect C. Th. Sorensen in 1931 (his term was “Junk Playground”), and the first one opened in 1943 in Emdrup, Denmark, near Copenhagen. The idea spread slowly across Europe and beyond; today there are approximately 1,000 adventure playgrounds worldwide (mostly in Europe). The United States has just one other permanent adventure playground, in Huntington Beach, CA. Berkeley’s playground is located right next to the Berkeley Marina on San Francisco Bay, and has views of the bay and the surrounding metropolitan area."	A playground built by the kids that is a child's wonderland, and a helicopter parent's nightmare.	{'Takara Sake Museum', 'Cesar Chavez Park', 'Old Berkeley Pier'}	160 University AvenueBerkeley, California, 94710United States	37.8632	-122.3145	['sarahbenson', 'Rachel', 'renkessler', 'stillaninja', 'Martin']	2013-04-29	['Mosaic House of Dunedin', 'Enchanted Hart Haus', 'Castillo Monumento Colomares', 'The Chapel of Jimmy Ray']		http://www.ci.berkeley.ca.us/adventureplayground/
