placeName	placeTags	numPeopleVisited	numPeopleWant	placeDesc	placeShortDesc	placesNearby	placeAddress	placeAlt	placeLong	placeEditors	placePubDate	placeRelatedLists	placeRelatedPlaces	placeUrl
Aerojet Dade Rocket Facility	['nasa', 'space exploration', 'abandoned']	159	936	"The government and its contractors have a long tradition of abandoning facilities that no longer serve them, but generally the sites are cleaned of anything of interest leaving starkly empty buildings to rot.
However at the Aerojet-Dade Rocket Facility, they decided to just leave their giant rocket where it was. Located in the middle of 25,000 acres of land purchased by the Aerojet company in the early 1960’s, the test site was developed to experiment with various types of rocket fuel with which to get humans into space. Two rocket silos were built into the ground and during its operating life, the complex tested three different rocket types at full-burn. These static tests gauged the effectiveness of solid rocket fuel, the last test rocket being the largest solid-fuel rocket ever built. This last test saw the release of hydrochloric acids across the surrounding crops and wetlands, making the facility less than popular among the locals.
In addition to the primary structures and the silos, Aerojet-General also created the largest and longest canal found anywhere in the Everglades. The canal, which reaches the Atlantic Ocean after traveling underneath a drawbridge created for it on the way, was required to transfer the incredibly heavy rockets by barge. Because they were designed as solid-fuel and weighed an unbelievable amount, no other method of transportation would suffice.
Unfortunately for Aerojet, NASA chose to use liquid fuel for its manned launches and the Dade testing facility was scrapped when the contractor’s funding dried up. The silos and buildings were quickly abandoned and while attempts were made to use the surrounding land for farming and redevelopment, nothing ever took.
The final SL-3 rocket was left in its silo and imperfectly covered with steel plates, making it, along with the other remaining sheds, a magnet for urban explorers. Recently, a number of the structures have been dismantled and the silos covered with huge cement beams, making the site more impenetrable for explorers. Aerojet Dade Rocket Facility is quickly being buried, creating another relic in what will one day be known as the archaeology of space travel."	When this test site was abandoned, they didn't even bother to take the rocket with them.	"{'Robert Is Here', ""Ed Leedskalnin's Coral Castle"", 'Fruit and Spice Park'}"	Extreme south end of SW 232nd AveHomestead, Florida, 33034United States	25.3214	-80.5577	['EricGrundhauser', 'mistrwrong', 'Molly McBride Jacobson', 'laurennash', 'Rachel', 'sriggs']	2013-11-11	['Hidden Figures Way', 'Prairie Observatory', 'Canberra Deep Space Communication Complex', 'Plum Brook Station (Neil A. Armstrong Test Facility)']		
