placeName	placeTags	numPeopleVisited	numPeopleWant	placeDesc	placeShortDesc	placesNearby	placeAddress	placeAlt	placeLong	placeEditors	placePubDate	placeRelatedLists	placeRelatedPlaces	placeUrl
Aftel Archive of Curious Scents	['perfume', 'smells', 'taxidermy', 'collections', 'museums and collections', 'museums']	70	521	"An assortment of aromatic artifacts fills a quaint backyard cottage in Berkeley, California. The Aftel Archive of Curious Scent is the first museum in the United States dedicated solely to the experience of natural fragrances.
Walking through the museum, you can touch, see, and of course smell the raw materials used to craft perfume essences. The small museum is devoted entirely to natural aromatics and artifacts. In our outdoor garden annex, you can sniff over 40 essences made from fruits, flowers, grasses, trees, and animal secretions.
The collection contains items like a taxidermy civet, a cat-like animal with a particularly pungent glandular section; perfume essences that are 100 years old; and a papier-mâché “vegan taxidermy” musk deer, an animal that was driven to near-extinction because of its highly coveted secretion.
Every item in the archive is authentic and original. After nosing around the collection, visitors get to choose five scented samples to take home from among over 200 bottles of natural essences."	Nose around a unique collection of more than 300 natural aromas used to craft perfume fragrances.	"{'Thornburg Village', ""Mark Olivier's Yard Art"", ""UC Berkeley's Nobel Laureate Parking Spaces""}"	1518-1/2 Walnut StreetBerkeley, CaliforniaUnited States	37.8795	-122.2684	['mandy1', 'teresaC', 'fostercurry']	2017-08-09	"['Intermediatheque', 'Edwin Carter Museum', ""Anna's Museum"", 'Mission Museum Steyl']"		https://www.aftelarchive.com
