placeName	placeTags	numPeopleVisited	numPeopleWant	placeDesc	placeShortDesc	placesNearby	placeAddress	placeAlt	placeLong	placeEditors	placePubDate	placeRelatedLists	placeRelatedPlaces	placeUrl
AIDS Interfaith Memorial Chapel	['memorials', 'churches', 'monuments', 'sculptures', 'sacred spaces', 'art']	174	479	"In the north tower lobby of the impressive Grace Cathedral atop Nob Hill in San Francisco is a peaceful but provocative chapel dedicated to those who have been taken by AIDS and those who continue to fight the disease and care for its victims.
The AIDS Interfaith Memorial Chapel was first conceived in 1995 as the plague took more and more members of Grace Cathedral’s congregation. It’s first acquisition was a bronze and white-gold casting of “The Life of Christ,” a triptych by pop artist Keith Haring who died of AIDS-related illnesses in 1990. It was Haring’s last major work, and features stylized angels, a multi-armed figure reaching out, and a restless crowd, alongside uplifting symbols like a heart and a cross.
The chapel was dedicated in 2000, and also features a different panel of the AIDS Memorial Quilt every six months, hung opposite “The Life of Christ.” Symbols representing world faiths are on the walls, as a reminder that all faiths are welcome to the chapel because all faiths have been affected by AIDS.
Each fixture of the chapel, from the Book of Remembrance to the white oak altar, is a work of art intended to help keep the fight against AIDS alive in the hearts and minds of those who visit. It was the first AIDS memorial chapel in San Francisco and is one of only a few in the United States."	The first AIDS memorial chapel in San Francisco and one of only a few in the U.S.	"{""San Francisco's Cable Car Museum"", 'Fairmont San Francisco Penthouse Suite', 'The Tonga Room'}"	1100 California StSan Francisco, CaliforniaUnited States	37.7919	-122.4134	['leiris']	2017-08-15	['Tomb of Antonio Canova', 'Memorial to Mahomet Weyonomon', 'National Monument to the Forefathers', 'Ascension Cathedral']		https://www.gracecathedral.org/aids-interfaith-memorial-chapel/
