placeName	placeTags	numPeopleVisited	numPeopleWant	placeDesc	placeShortDesc	placesNearby	placeAddress	placeAlt	placeLong	placeEditors	placePubDate	placeRelatedLists	placeRelatedPlaces	placeUrl
'Akhob'	['installations', 'art']	429	4198	"Imagine the sheer serendipity of finding a world-renowned artist’s work secreted away on the top floor of a French luxury goods store, in the midst of a tacky oasis, and you’ll have only begun to appreciate the wonder of James Turrell’s “Akhob.”
Las Vegas is known for aspirations of grandeur and attempting to fulfill them by any means necessary. Fueling this mentality is a plethora of luxury stores, ready to furnish high rollers and poseurs with all the accouterments necessary to play. But a visit to the Louis Vuitton outpost lets visitors in-the-know walk away with a little added value to their shopping experience: artistic fulfillment.
In 2013, Louis Vuitton commissioned a permanent James Turrell installation to occupy a hidden space on the fourth floor of its City Center store. Called “Akhob,” a word from Egypt’s Amarna period supposedly meaning “pure water,” the piece consists of circular openings leading into two huge chambers filled with slowly changing, rotating light. Turrell calls these sort of iconic installations, for which he’s famous, “ganzfelds” or “light fields.”
The effect created is one of giving your eyes a gentle, soothing bath in the most brilliant colors imaginable. Vibrant hues shift imperceptibly from one to another, bleeding in and out of each other on a cycle that lasts 24 minutes. At times, the precise combination of colors makes it nearly impossible to find the door through which one had just entered. 
With all Turrell’s artistic obfuscation, finding Akhob itself is remarkably easy; though admission is free for all, one must simply call ahead to make an appointment for admittance. Once inside the City Center Louis Vuitton store, politely inform any of the employees that you’ve come to see Akhob. From there you’ll be whisked away to their magical secret floor, separate from the store and completely private for a silent immersion experience.
The Atlas Obscura Podcast is a short, daily celebration of all the world’s strange and wondrous places. Check out this episode about Akhob."	James Turrell's total color immersion art installation, hidden on the top floor of a luxury handbag shop.	"{""'Bliss Dance'"", 'Art-o-mat', 'Las Vegas Strip Benchmarks'}"	3720 Las Vegas Blvd SouthSuite 103Las Vegas, Nevada, 89109United States	36.1054	-115.1718	['TheStephanieCass', 'corinna', 'nathomas', 'Dagny', 'littlebrumble', 'Y0L0', 'l\n\nlaneikkadenne', 'nathomas', 'jondi letnap', 'c\n\ncorinna', 'f\n\nfilmplante', 'AdamTKincaid', 'hana', 'Y\n\nY0L0', 'Dagny', 'littlebrumble']	2015-10-23	"[""'Bouquet of Tulips'"", 'ZinkGlobal', 'Ciderville Music Store', 'Upplevelsdusch']"		http://www2.citycenter.com/luxury_las_vegas_condos/files/79678%20Fine%20Art%20Collection%20Map%20Brochure%20w%20Paths%20v04.pdf
