placeName	placeTags	numPeopleVisited	numPeopleWant	placeDesc	placeShortDesc	placesNearby	placeAddress	placeAlt	placeLong	placeEditors	placePubDate	placeRelatedLists	placeRelatedPlaces	placeUrl
Alabama Booksmith	['bookstores', 'books', 'literature', 'shops', 'collections']	169	830	"This tiny shop in a suburb of Birmingham, Alabama may be the only one of its kind. At the Alabama Booksmith, every single book is a signed copy.
Already famous among a certain breed of book lover for its Signed First Editions Club, wherein members are shipped a signed and carefully curated new release each month, the Alabama Bookstore is located in an unassuming trailer-like structure behind a veterinary clinic. Although it was originally founded as a used and rare bookshop, owner Jacob Reiss soon realized that signed books sold much faster than any other type of item. He adjusted his sales model accordingly, stocking a smaller, methodical inventory of both classics and new releases. “If a book is not important to us, we don’t buy it,” Reis told Brian Barrett, in a 2015 article for Atlas Obscura.
All of the books at the Alabama Booksmith are displayed “front out,” so that visitors can see the full cover while browsing the aisles. And, importantly, all of these books (except for one shelf of rarities) are sold for their normal cover price, even though they may fetch several times that price through a reseller.
From Kazuo Ishiguro to Philip Roth, there’s something to set the heart of every bibliophile racing. Get thee to Birmingham!"	Every last book in this bookstore is signed by the author.	"{""'The Storyteller'"", 'Statue of Vulcan', 'Donor Memorial'}"	2626 19th Place SouthHomewood, Alabama, 35209United States	33.4839	-86.7888	['racheldoyle', 'blt0404', 'hana', 'rjpreskitt', 'Collector of Experiences']	2015-09-25	['The Last Bookstore', 'John K. King Used & Rare Books', 'Atlantis Books', 'Traveler Restaurant']		http://www.alabamabooksmith.com/
