placeName	placeTags	numPeopleVisited	numPeopleWant	placeDesc	placeShortDesc	placesNearby	placeAddress	placeAlt	placeLong	placeEditors	placePubDate	placeRelatedLists	placeRelatedPlaces	placeUrl
Albany Bulb	['sculpture gardens', 'outsider art', 'sculptures']	459	599	"Certain places exist in a kind of urban vacuum. They decay, change and grow without the approval of authorities, and without blueprints. These places are often the domain of society’s marginalized, places where the homeless, bored teenagers, and those who simply wish to play and create without oversight can congregate.
The Albany Bulb (aka The Bulb) is one of these places. If you asked the city officials, they would tell you it is a landfill located on a thin strip of wetland in Albany, California, which extends into the southeast San Francisco Bay. If you asked the people who frequent it, you would get a different answer altogether.
Created in 1963 as a dump for construction materials, it was closed in 1987 after a series of lawsuits and left in legal limbo. The size and inaccessibility of the park made it difficult for the police to patrol – and a perfect location for those looking not to be patrolled. Due to this, the Bulb has a reputation as an anarchic no-mans land, especially at night.
Among those who have claimed the park are the homeless, who have set up small shantytowns; teenagers, who want a place to party; dog owners, who want to let their pets run wild; graffiti artists, who want to paint in peace; and environmentalists, who want to see the park returned to its natural habitat, and resent the dog-walkers and graffiti artists for helping to ruin the habitat.
However, the Bulb is most distinctive for the contributions of its artists, both graffiti and sculptural, to the park. Among the more notable pieces are a series of large driftwood sculptures made by Scott Hewitt, Scott Meadows and David Ryan; a concrete TV; dragon sculpture; and something known as “The Castle”, which is a eroding concrete shelter covered in graffiti.
The Bulb once contained a makeshift “Landfillian Library” assembled by Jimbow the Hobow. Comprised of roughly 300 books donated to “head librarian” Jimbow, the books were not only free to borrow, but free to keep. According to Wikipedia, the library burned to the ground in January 2014.
The future of the Bulb is uncertain, with possible plans to turn it into an official park, or shopping area. In the meantime, the Bulb continues to operate under its own unplanned plans."	"An ""anarchical"" no man's land, complete with garbage sculptures and a hobo-run ""Landfillian Library."""	{'Adventure Playground', 'Cesar Chavez Park', 'TEPCO Beach'}	Buchanan StreetAlbany, California, 94710United States	37.8884	-122.3258	['garfieldgurl', 'derecognize', 'Jtfyfe', 'mbison', 'michelle', 'James Ricci', 'Dapper Dan 9', 'd\n\nderecognize', 'Neighborhood Squatch', 'J\n\nJtfyfe', 'James Ricci', 'w\n\nwirehead2501', 'annakovach', 'm\n\nmbison', 'michelle']	2009-08-24	"[""Tim Willis' Junkyard Playground"", 'Franz Sederevičiaus Sculpture Ensemble', 'Mechanical Riverfront Kingdom on Druid Hill', 'Yonekoyaki Craft Center Shisa Park']"		
