placeName	placeTags	numPeopleVisited	numPeopleWant	placeDesc	placeShortDesc	placesNearby	placeAddress	placeAlt	placeLong	placeEditors	placePubDate	placeRelatedLists	placeRelatedPlaces	placeUrl
Alderson Academy	['colleges', 'education', 'schools', 'abandoned']	65	783	"The structure of the old Alderson Academy building, built in 1901, has seen better days. Floors are collapsing in on themselves, leaving many areas of the building completely inaccessible. If you try to climb the beautiful staircase that greets you at the main entrance, you’ll see that it leads to nowhere.
The historic building has been home to nearly every type of educational institution possible, and none of them with any lasting success. Opened as a private school for young men and women in the town of Alderson, West Virginia, it thrived for a short period until public high schools became more popular, offering the same education for the low price of zero dollars. 
The academy began to struggle, until someone had the bright idea to offer two-year college level courses, and it became a junior college in 1918. The four-story brick building that still (barely) stands today was completed in 1924. Six years later, it transformed yet again into a senior college, but faced financial hardship once more in the Great Depression and was eventually abandoned.
From 1935 to 1953, the building sat vacant while interested parties attempted and failed to find a use for the space. It finally opened as the Mountain State Baptist High School, but that institution, too, struggled and failed, closing in the 1980s. After that, the building was used as rental apartments into the mid-’90s, when it was once more deserted. Now it lies abandoned, with no future plans—a haunting ruin of its turbulent past."	This abandoned school has had many lives since the early 1900s, and all of them doomed.	{'Congressional Fallout Shelter at the Greenbrier Resort', 'Lost World Caverns', 'Hanging Rock Raptor Observatory'}	College LnAlderson, West Virginia, 24910United States	37.7330	-80.6318	['Gin Minsky', 'knickle72', 'exploringwithesch', 'rebekah anderson', 'ichigoakaku08']	2017-03-24	['Woodville School', 'The Oakdale School', 'Josephine School Community Museum', 'Kingsley Schoolhouse']		
