placeName	placeTags	numPeopleVisited	numPeopleWant	placeDesc	placeShortDesc	placesNearby	placeAddress	placeAlt	placeLong	placeEditors	placePubDate	placeRelatedLists	placeRelatedPlaces	placeUrl
Aldridge Sawmill	['mills', 'graffiti', 'forests', 'industrial', 'ecosystems', 'abandoned', 'ruins']	117	638	"Hal Aldridge relocated from Rockland, Texas, in the early 1900s, and began purchasing stands of longleaf yellow pine in Angelina County. In 1903, he began the construction of a sawmill near a scenic bend of the Neches River, which he completed by 1905. 
As business grew, the Aldridge Sawmill produced approximately 125,000 board feet of lumber daily and employed 500 people. The site featured employee housing, a commissary, hotel, post office, blacksmith shop, train depot, two schools, and various shops and saloons. 
On August 25, 1911, a fire destroyed the original wooden mill buildings. They were replaced in 1912 by the reinforced concrete structures that stand on the site today. Business does not seem to have suffered for long, and by 1913, the population of Aldridge is estimated to have been anywhere from 1,000 to 1,500 residents.
Another fire in 1914, however, caused Aldridge to depart the lumber business, apparently leaving it in the hands of his brother, who was also the company’s vice president. Operations continued as business began to slow, until another fire in 1919 finally ended the Aldridge Lumber Company. 
The township was essentially abandoned by 1920, eventually being annexed into the Angelina National Forest. Today, visitors can see the remains of four concrete buildings, as well as the mill pond that would have once fed the sawmill’s boilers."	The 19th-century ruins hide deep in an overgrown forest.	{'Old Stone Fort', 'Sturrock Cemetery', 'Patricia Huffman Smith NASA Museum'}	Zavalla, Texas, 75980United States	31.0338	-94.2808	['mvillarreal222']	2020-01-06	['Mine Hill Preserve', 'Abandoned Knox Coal Distribution Center', 'Desierto de los Leones (Desert of the Lions)', 'Abandoned Deertrail Resort']		https://www.fs.usda.gov/detail/texas/specialplaces/?cid=stelprdb5291444
