placeName	placeTags	numPeopleVisited	numPeopleWant	placeDesc	placeShortDesc	placesNearby	placeAddress	placeAlt	placeLong	placeEditors	placePubDate	placeRelatedLists	placeRelatedPlaces	placeUrl
Alferd Packer Cannibal Plaque	['feud', 'cannibals', 'government', 'plaques', 'bars', 'restaurants', 'food', 'history']	135	607	"Inside the National Press Club’s penthouse bar and restaurant, Reliable Source, a small brass plaque honors Alferd Packer, a man that few if any of the patrons would be able to identify. As chance would have it, Packer was a gold-prospecting convicted cannibal, and that’s not even the craziest part of the story behind the plaque. 
The Press Club is actually the Packer plaque’s second home, and it previously adorned the door to the employee cafeteria on the third floor of the United States Department of Agriculture. The $29 brass marker was placed in August, 1977 at the orders of the freshly appointed Ag Secretary Robert Bergland. 
In the midst of a battle of bureaucratic tribalism, the General Services Administration was preventing the new Secretary from replacing an unpopular food service contractor inside his own headquarters. The natural reaction to this professional slight was to dedicate the cafeteria to a cannibal, and invite in the media for a public shaming. 
Alferd Packer “exemplifies the spirit and the fare of this Agricultural Department cafeteria,” Berland told Barbara Walters and her ABC News viewers. The spectacle was picked up by the Associated Press and reprinted in newspapers across the country. Needless to say, the GSA contract was soon canceled. 
His demands met, Bergland respectfully took the plaque down. Afterward a bemused journalist took possession of it from Agriculture Department public affairs officer Stan Weston at the U.S. Department of Agriculture, who had came up with the contest to name the USDA’s new cafeteria. The plaque, modified to remember Weston, today graces the walls of National Press Club across town. On their menu you can find an Alferd Packer certified angus beef burger."	A brass plaque dedicated to a convicted cannibal hangs in the National Press Club, and that's not even the craziest part of the story.	"{'The Sun Building', ""'Spirit of American Youth' Statue"", 'Willard Hotel'}"	529 14th Street NW Washington, District of ColumbiaUnited States	38.8970	-77.0312	['Elliot Carter', 'myaburns41', 'jplivolsi', 'millbaz', 'SteveJay27', 'erjeffery', 'm\n\nmyaburns41', 'm\n\nmillbaz', 'erjeffery', 'S\n\nSteveJay27', 'WhiskeyBristles', 'j\n\njplivolsi']	2017-12-19	['Chowning’s Tavern', 'Middlegate Station', 'Tai Tung', 'Lo Pinyol']		
