placeName	placeTags	numPeopleVisited	numPeopleWant	placeDesc	placeShortDesc	placesNearby	placeAddress	placeAlt	placeLong	placeEditors	placePubDate	placeRelatedLists	placeRelatedPlaces	placeUrl
Alferd Packer's Grave	['cannibals', 'civil war', 'graveyards', 'cemeteries', 'history']	209	530	"The Littleton Cemetery is the final resting place of Alferd Packer, a Civil War veteran, shoemaker, mountain guide, and cannibal.
Packer was born in Pennsylvania in 1842, a shoemaker by trade, and enlisted in the U.S. Army in 1862 amidst the Civil War. Less than a year after enlisting, he was discharged due to epilepsy and made his way west, working in the gold fields of the Colorado and Utah wilderness. 
In November of 1873 Packer took a group of 21 prospective gold investors into the Rockies. In February 1874, Packer set out again with five of the prospectors. The winter was worse than originally anticipated; supplies ran low and sub-zero temperatures took its toll on the group. After spending the brutal winter months in the Rocky Mountains, Packer returned with the wallets and some possessions of the five men, and looking surprisingly fit. He claimed the men had died from exposure on the trail, and later admitted that some of the group did indeed die from exposure, but the other men ate their corpses along the way. 
Packer claimed the last man with him went mad and he had to kill him in self defense. A search party was sent to recover the bodies and instead of finding five bodies strewn along the trail, five skeletons were found at their campsite. Packer was arrested but escaped his jail cell. He was found nine years later in Wyoming and was brought back for trial in Colorado. His story about what happened in the winter of 1873 changed again and he was convicted of 5 counts of manslaughter and sentenced to 40 years in prison. 
Packer was paroled after 18 years of prison and worked as a security guard for the Denver Post. He maintained his innocence until the end of his life. Because he was a veteran, the military paid for his funeral and standard veteran headstone."	Final resting place of a 19th century gold prospector and convicted cannibal.	{'Denver’s Dinosaur Hotel', 'Columbine Memorial', 'Colorado Antique Gallery'}	6204 S Prince StLittleton, ColoradoUnited States	39.6040	-105.0174	['irisenjoyed', 'bradhooker', 'ludwig72', 'mikewalker', 'atecca', 'mattheyns', 'f\n\nfit4ladies', 'a\n\natecca', 'ludwig72', 'mikewalker', 'b\n\nbabogart', 'b\n\nbradhooker', 'm\n\nmattheyns']	2016-07-10	"[""Ely S. Parker's Grave"", 'Silver City Cemetery', 'Sciennes Jewish Burial Ground', ""Friar's Bush Graveyard""]"		http://www.littletongov.org/my-littleton/littleton-history/biographies/packer
