placeName	placeTags	numPeopleVisited	numPeopleWant	placeDesc	placeShortDesc	placesNearby	placeAddress	placeAlt	placeLong	placeEditors	placePubDate	placeRelatedLists	placeRelatedPlaces	placeUrl
Fantasy Dining Alice in a Labyrinth	['Unique Restaurants & Bars', 'shops']	205	2036	"This place is much more than a restaurant. It’s a labyrinth of storybook pages, followed by a stack of books that make you feel caterpillar-sized. You enter into the main dining room to see various scenes from Lewis Carroll’s classic novel: the hedges from the Queen’s croquet-ground, enormous cards on the ceiling, and chairs in the shape of rose-bushes. The staff welcomes you in Alice’s pinafore dress and Mad Hatter-inspired costumes.
To top off the interior design, even the food is Wonderland-themed. You can have an appetizer in the shape of cut-out cards and roses (with references to the famous “Eat me” quote in the book, of course), beef ragù pasta with the Cheshire Cat’s iconic grin, or an ice-cream parfait that resembles the White Rabbit.
A project of the Diamond Dining company of Vampire Café (https://www.atlasobscura.com/places/vampire-cafe) fame, the original Alice’s Fantasy Restaurant opened in Shinjuku in 2003, further paving the way for Japan’s world-renowned “concept cafés.” It spawned up to seven locations across the country in its heyday, including Nagoya and Osaka, although three of them are still open today.
This restaurant provides an immense (and immersive) entertaining experience, almost as if you were lost in Wonderland. In addition to that, since there are so many types of decor within the place (as well as an expansive menu), you can keep going over and over, having a new experience every time."	Fine dining in the bizarre world of Lewis Carroll.	"{""'Coicorin'"", 'Shiotama', 'Vampire Café'}"	8-8-5 Ginza, ChuoTokyo, 104-0041Japan	35.6683	139.7616	['Ellecp523', 'alisam9', 'jharrisecho', 'Rachel', 'Fred Cherrygarden', 'tvgirl', 'Fred Cherrygarden', 'alisam9', 't\n\ntvgirl', 'M\n\nMartin', 'jharrisecho', 'Rachel']	2012-07-25	"['5 de Mayo Food Market', 'Carton King Creative Park', ""Trader Vic's"", 'Mai-Kai Restaurant']"		http://www.alice-restaurant.com/
