placeName	placeTags	numPeopleVisited	numPeopleWant	placeDesc	placeShortDesc	placesNearby	placeAddress	placeAlt	placeLong	placeEditors	placePubDate	placeRelatedLists	placeRelatedPlaces	placeUrl
Alien Cathouse and Area 51 Gift Shop	['aliens', 'roadside attractions']	250	448	"America’s legal brothel business may be limited to a single state, but that doesn’t mean that one’s options are limited, as evidenced by the Alien Cathouse, a sex vacation destination that caters specifically to customers with alien fantasies.
Given the number of supposed extraterrestrial hotspots around Nevada, and the huge amount of visitors they attract each year, its little wonder that the first themed brothel in the country would target UFO hunters. Owned by the same proprietor as the world-famous Bunny Ranch, the alien escape offers a full service brothel and bar where guests are invited to stay anywhere from a few hours to a few weeks if the money is there.
The business is decorated in a hodgepodge of alien and space imagery that would give any serious science fiction fan fits (and likely, erections). Rooms are designated with such names as “Atlantis Fantasy” and “Holodeck,” although the effects in the rooms mainly consist of sheer draping and cardboard alien cutouts. The centerpiece of the facility though would have to be the “Alien Abduction and Probing Room” which is outfitted with a plethora of marital aids, many of which legitimately look as though they came from a spaceship.
The Alien Cathouse sits just south of the former Area 51 test site, and also features a restaurant and gift shop selling more clothing and trinkets emblazoned with little green men. Fans of extraterrestrial speculation, sex, and kitsch, your starship has finally come in."	A legal Nevada brothel that specializes in extraterrestrial fantasies.	"{'Carrara', 'Yucca Mountain Repository', ""Devil's Hole""}"	U.S. 95Amargosa Valley, NevadaUnited States	36.6565	-116.4519	['Josh', 'Tony Nicholls', 'elsa brante', 'CoolCrab', 'amandawatson']	2014-03-13	"['Alien Research Center', ""'The Martian'"", ""Coyote's Flying Saucer Retrievals and Repairs"", 'Raëlian UFO Peace Park']"		https://aliencathouse.com/
