placeName	placeTags	numPeopleVisited	numPeopleWant	placeDesc	placeShortDesc	placesNearby	placeAddress	placeAlt	placeLong	placeEditors	placePubDate	placeRelatedLists	placeRelatedPlaces	placeUrl
Oso Creek Fairy Trail	['fairies', 'trails', 'mountains']	74	625	"In recent years the Oso Creek Trail, a picturesque ridge-top trail overlooking the Aliso and Woods Canyon wilderness park, has been colonized by a group of itinerant fairies under the leadership of their queen, Fairy Lily. The fairy queen has constructed her castle along the ridge top and many of her subjects have followed suit, building homes in the trees and bushes along the trail.
Originally, the enchanting abodes were part of the Aliso Summit Trail, but they were later moved to their current location. There are at least a dozen tiny fairy houses dotting the vista-filled hike, which began materializing mysteriously starting in 2016. The fairies have chosen bright multicolored doors for their little homes and some have decorated their gardens with statues and furniture. They have even built a variety of communal buildings, including a cricket auditorium, playground, and bonfire circle. More recently, some trolls have started to move in, and the fairies ask that visitors not feed them. 
Rather shy, the fairies sleep during the day, coming out only at dusk when the trail closes to the human public. But a variety of Southern California wildlife can normally be seen along the trail even if the fairies themselves are shut in their homes. Aliso Canyon is home to Aliso Creek, one of the last few watercourses in Orange County that is not divided into channels. Despite the impact of urban development in its watershed, the creek retains some biodiversity and supports wildlife in protected environments. The fairy homes have a great view of the creek and the narrow gorge where it reaches the Pacific Ocean.
Update, May 2018: The fairy homes were originally part of the Aliso Summit Trail. They’re now part of the Oso Creek Fairy Trail.Update, Feb, 2021: Almost all of the fairy homes have relocated to the lounge area behind the Potocki Center for the Arts."	This beautiful ridge-top trail is dotted by tiny homes apparently built by a group of itinerant fairies.	{'Orange Balloon', 'Arroyo Bird Park', 'Mission San Juan Capistrano'}	24932 Veterans WayMission Viejo, California, 92692United States	33.6013	-117.6514	['Salamandre', 'craftycalavera', 'dapaul2017', 'cometdomkus', 'wildernesstrailguy', 'kittievx9', 'c\n\ncometdomkus', 'a\n\nadamvasquez6', 'k\n\nkittievx9', 'c\n\ncraftycalavera', 'S\n\nSabrinaV', 'd\n\ndapaul2017', 'w\n\nwildernesstrailguy', 'tr8lina']	2017-04-10	['Sliabh Foy Loop Trail', 'Paper Airplane Trail', 'Black Canyon of the Gunnison', 'Indian Canyons']		http://www.alisofairytrail.com/
