placeName	placeTags	numPeopleVisited	numPeopleWant	placeDesc	placeShortDesc	placesNearby	placeAddress	placeAlt	placeLong	placeEditors	placePubDate	placeRelatedLists	placeRelatedPlaces	placeUrl
All Saints Way	['shrines', 'saints']	502	829	"Peter Baldassari has been collecting trinkets and mementos depicting the saints since he was a child.
Now at 63, his collection has grown into a street side shrine, a display of the canonized including photos, statues, prayer cards, and more in an alley between 4 and 8 Battery Street in Boston’s North End.
An unimposing black door leads to the brick-walled sanctuary, displaying above it a “featured” saint, usually the newly divined. Vistors come from all over the world to see Baldassari’s holy collection, and many strangers and neighbors alike contribute to the exhibit.
While the shrine is a personal project on private property, Baldassari has been known to give quick tours, and a good portion of the collection is visible from the street, even if the gate is locked."	"""Mock all and sundry things, but leave the saints alone."""	"{'Eliot Public School', 'Old North Church', ""St. Stephen's Church""}"	4 Battery StreetBoston, Massachusetts, 02109United States	42.3664	-71.0526	['amrpr2010', 'Rachel', 'joshuasgalbraith', 'erikashira', 'shonimus']	2013-12-23	"['Tomb of St. Lénard', ""St. Ann's Shrine and Grotto"", 'Shrine to Gauchito Gil', 'Shrine to Saint Andrew']"		
