placeName	placeTags	numPeopleVisited	numPeopleWant	placeDesc	placeShortDesc	placesNearby	placeAddress	placeAlt	placeLong	placeEditors	placePubDate	placeRelatedLists	placeRelatedPlaces	placeUrl
Allison Mansion	['stained-glass windows', 'estates', 'mansions', 'universities', 'eccentric homes', 'houses', 'homes', 'architecture']	161	693	"Sunlight filters through the ceiling’s Tiffany stained-glass windows, illuminating the swirling patterns that adorn the marble room’s walls and floor. Though the magnificent room looks like it was destined to entertain esteemed guests in formal attire, it was actually built for avian occupants. Exotic birds once filled the space, their vibrant plumage in sharp contrast to the relatively colorless marble.
The lavish aviary is but one extraordinary room inside Allison Mansion. The grand estate was built by James Allison, an early 20th-century automobile entrepreneur perhaps most famous for being a co-founder of the Indianapolis Motor Speedway and the Indianapolis 500 race. The mansion has since become part of a private Catholic university, but it still maintains much of its original grandeur.
Allison spared no expenses while having his two-story, red-brick, arts-and-crafts-style abode built. In addition to the marble aviary, which was built for his first wife’s exotic bird collection, the mansion also contains other wondrous features like an expensive chandelier imported from Germany, a sunken conservatory, and a magnificent music room complete with a two-story pipe organ.
The outside grounds, too, boast an elegance that matches the manor’s interior. Lush gardens fill the manicured landscape, some of which even include greenhouses, ponds, and orchards. The whole property rests atop a cliff, which overlooks a wetland now overseen by Marian University.
After Allison’s death in 1928, the mansion’s fate remained uncertain. It was eventually acquired by the Sisters of Saint Francis, who also founded Marian University. Allison Mansion is still part of the university. It is now houses the Office of the President and the Office of Conferences and Events. It is NOT open for public tours. The Allison Mansion can be rented to host special events. 
Update as of October 2019: The mansion now houses the Office of the President and is no longer open for public tours, but can still be booked for events."	This elaborate estate contains a stunning marble aviary, a sunken conservatory, and a magnificent music room with a two-story pipe organ.	"{'The Virginia B. Fairbanks Art & Nature Park', 'Indiana Medical History Museum', ""John Dillinger's Grave""}"	3200 Cold Spring RdIndianapolis, IndianaUnited States	39.8169	-86.2016	['cmclark6', 'rebecaschandel', 'jonikki2011', 'chili0208mw', 'erjeffery']	2018-01-16	['Seiberling Mansion', 'Vaile Mansion', 'Filoli', 'Kleine Trippenhuis']		
