placeName	placeTags	numPeopleVisited	numPeopleWant	placeDesc	placeShortDesc	placesNearby	placeAddress	placeAlt	placeLong	placeEditors	placePubDate	placeRelatedLists	placeRelatedPlaces	placeUrl
Almendres Cromlech	['megalithic', 'stonehenge', 'neolithic', 'rock formations', 'rocks', 'geology']	246	466	"Built over several different periods between 5000 and 4000 BCE, the Almendres Cromlech are the finest example of Neolithic structures on the Iberian Peninsula, though it remained undiscovered until 1966.
The site consists of several classic megalithic structures, primarily cromlechs, and menhir stones. Arranged in patterns of two concentric rings – an eastern circle and a larger oval in the west – the 95 almond-shaped stones seen today represent a gradual process of accumulation and redistribution over time. 
The smaller ring to the east is the oldest section of the site, constructed during the early Neolithic period circa 6000 BCE, while the western oval ring is thought to have been built during the Almendres era 5000 BCE. During a third period around 3000 BCE, many of the stones seem to have been repositioned to better align with the moon, sun and stars.
As is common with such ancient sites, the purpose of Almendres Cromlech remains unknown. With the stones’ final repositioning to be in-line with celestial bodies, geometric patterns already found at Almendres Cromlech were strengthened further, making the intentionality of the stones’ presence and arrangement undoubtable, even if the deeper rationale and rituals contained therein remain a mystery."	"""Portugal's Stonehenge"" is made up of nut-like stones aligned with the heavens."	"{""Portugal's Chapel of Bones"", 'Dolmen Chapel of Sao Brissos', 'Montemor-o-Novo Castle'}"	Rua do Posto MédicoÉvora, 7000Portugal	38.5575	-8.0611	['illaberec', 'marlaynaglynn', 'RakB', 'Mike Portanova', 'joanaventura0905', 'littlebrumble', 'j\n\njoanaventura0905', 'marlaynaglynn', 'R\n\nRakB', 'M\n\nMike Portanova', 'Max Cortesi', 'littlebrumble']	2015-07-20	['Ness of Brodgar', 'Clach an Truseil', 'Nine Ladies Stone Circle', 'Knocknakilla Stone Circle']		
