placeName	placeTags	numPeopleVisited	numPeopleWant	placeDesc	placeShortDesc	placesNearby	placeAddress	placeAlt	placeLong	placeEditors	placePubDate	placeRelatedLists	placeRelatedPlaces	placeUrl
Alnwick Poison Garden	['botanical tunnels', 'poison', 'horticulture', 'gardens', 'plants']	465	2817	"Inspired by the legendary botanical gardens in Padua, an English duchess created this garden dedicated entirely to flora which are deadly and/or narcotic.
Behind big black gates, the carefully curated garden contains about 100 legendary killers like Atropa belladonna (deadly nightshade), Strychnos nux-vomica (strychnine), and Conium maculatum (hemlock). Guides explain their deadly properties while keeping ne’er-do-wells and curious children away from the plants, warning them: “Do not touch any of the plants, don’t even smell them. There are plants here that can kill you.”
The duchess herself is an unlikely patron. Until 1995, she was just Jane Percy, mother of four. Then in 1995, her husband unexpectedly became the twelfth Duke of Northumberland following his brother’s untimely death, and the next thing they knew they had a castle to deal with. As she inspected her newly inherited digs and expansive gardens, much of which had been meticulously designed by the famous landscape designer Capability Brown, she came across an overgrown, neglected section. Formal gardens had been planted in that spot by the first duke in 1750, and it passed through several incarnations until World War II, when it was converted from a place of Italian ornamental splendor into a victory garden of vegetables. By 1950, it had closed. She decided to restore it, not to its former glory, but into a new, modern garden.
The poison garden opened in 2005 as just a portion of the ambitious 14-acre new gardens. Wanting in part to hark back to old apothecary’s gardens, the duchess shied away from planting healing medicinals and instead sought out hard-to-get deadly poisons. Also included in the gardens are narcotic plants like opium poppies, cannabis, magic mushrooms, datura, and tobacco. Many of these required special government permission to grow. Because the danger posed by poisonous plants is very real (some can kill or sicken just through touch), some plants are caged, and the garden is secured each evening behind gates under a 24-hour security watch.
Other parts of the garden include an enormous multi-level treehouse and a bamboo labyrinth. You may also find the looming Alnwick Castle strangely familiar, having seen it stand in as Hogwarts in the first two Harry Potter films.
The gardens are planned in several phases, some of which are still incomplete—funds in the millions of pounds have not been as forthcoming lately."	"The sign at the garden gate reads: ""These Plants Can Kill."""	{'The Treehouse Restaurant at Alnwick Gardens', 'The RMS Olympic Dining Room', 'Barter Books'}	Denwick LaneAlnwick, England, NE66United Kingdom	55.4114	-1.6998	['Annetta Black', 'carlo', 'mbison', 'rhumphrey17', 'Rachel', 'As she is spoke', 'H\n\nHelen Rose', 'Monsieur Mictlan', 'c\n\ncarlo', 'reley250', 'r\n\nrhumphrey17', 'Rachel', 'm\n\nmbison', 'A\n\nAs she is spoke', 'wythe']	2012-06-26	['Betty Head Oleander Garden Park', 'Lotusland', 'Crystal Springs Rhododendron Garden', 'Ex-Hacienda de San Gabriel de Barrera Gardens']		
