placeName	placeTags	numPeopleVisited	numPeopleWant	placeDesc	placeShortDesc	placesNearby	placeAddress	placeAlt	placeLong	placeEditors	placePubDate	placeRelatedLists	placeRelatedPlaces	placeUrl
Alpaca Treehouse	['treehouses', 'sanctuaries', 'animals']	46	643	"Nestled in Atlanta, Georgia, inside a dense and enchanting bamboo forest, rests a treehouse hideaway that was once only the dream of its creator. Inspired by the treehouses of her youth, Kara O’Brien was immediately struck with a vision to create something magical in this space.
Using her experience, O’Brien set out to design a treehouse that sprouted from the forest floor using only sustainable materials such as reclaimed wood and other salvaged goods. Originally intended as a personal space, O’Brien’s growing number of rescued llamas and the alluring draw of the treehouse soon brought many visitors. Seeing that people from all over wanted to share in the wonder of this space, O’Brien began hosting visitors to the treehouse to support and grow her rescue operation. 
Today, the treehouse has gained national recognition as dozens of visitors have swung from the bed swing beneath the treehouse or fed carrots to the llamas and alpacas. 
Few realize that right off a busy Atlanta highway is a wondrous hideaway for llamas, alpacas, and curious visitors alike."	This wondrous hideaway is suspended in a bamboo forest above a sanctuary for rescued llamas and alpacas.	"{'Starlight Drive-In Theatre', ""Grave of Fiddlin' John Carson"", 'Atlanta Glass Treehouse'}"	1152 Fayetteville Rd SEAtlanta, Georgia, 30316United States	33.7227	-84.3278	['jessemiers', 'saharris']	2021-08-10	['Wien Museum Hermesvilla', 'David Sheldrick Wildlife Trust', 'Tacugama Chimpanzee Sanctuary', 'Hawk Mountain Sanctuary']		https://www.alpacatreehouse.com/alpaca-treehouse
