placeName	placeTags	numPeopleVisited	numPeopleWant	placeDesc	placeShortDesc	placesNearby	placeAddress	placeAlt	placeLong	placeEditors	placePubDate	placeRelatedLists	placeRelatedPlaces	placeUrl
Amboy Ghost Town	['ghost towns']	602	1333	"A boomtown during the heyday of “America’s Highway” Route 66, Amboy once served travelers on the western end of the long road from Chicago to Los Angeles.
When the completion of the Interstate Highway System in the second half of the 20th century made Route 66 obsolete, Amboy, like many other route boom towns, passed into desolation. One of the original residents maintained what little there was left, allowing a few Hollywood movies to be filmed there, but at the turn of the 21st century, he’d had enough and sold the entire town. Amboy then passed through different hands and was, at one point, even listed for sale on eBay. The town is currently owned by the owner of the California-based fast-food chain Juan Pollo, Albert Okura. 
Okura has repainted the old motel cabins with a goal to slowly re-open the town, cafe,  gas station, and motel cabins. Now that the cafe and gas station known as Roy’s is up and running, Okura had new neon tubes manufactured and held a lighting ceremony for the new signage, 
The service station has recently started selling gas again, with regular hours from 7 a.m. to 8 p.m, every day. The school, church, airport, and graveyard can still be explored by adventurous travelers who can handle the heavy heat of the Mojave Desert, and a nearby volcanic crater adds to the atmosphere. Come to town with your own water and a full tank of gas, in case Roy’s isn’t open. The only sound you might hear during a visit to this town is a train passing through and the occasional small aircraft landing on the gravel airstrip."	The ghost town that ended up on Ebay.	{'Guardian Lions of Route 66', 'Amboy Crater', 'Kelso Dunes'}	6666 Old National Trails HighwayAmboy, California, 92304United States	34.5578	-115.7444	['ajackson', 'hyland', 'Martin', 'zactez', 'Jess the Mess', '80schic84', '80schic84', 'zactez', 'B\n\nBrandoBlain', 'Jess the Mess', 'M\n\nMartin', 'hyland', 'Avoiding Regret']	2013-01-30	['Kiosk Ghost Town', 'Warm Springs Ghost Town', 'Volcano Historic Boomtown', 'The Ghost Town of Phoenix']		http://www.rt66roys.com/amboy/
