placeName	placeTags	numPeopleVisited	numPeopleWant	placeDesc	placeShortDesc	placesNearby	placeAddress	placeAlt	placeLong	placeEditors	placePubDate	placeRelatedLists	placeRelatedPlaces	placeUrl
American Space Museum	['space', 'museums and collections', 'museums']	316	583	"This small space museum, located not far from the better-known Kennedy Space Center, tells the more personal side of the history of the American space program, from the launches of Dr. Robert Goddard to early unmanned flight, through projects Mercury, Gemini, Apollo, and the Space Shuttle. 
The American Space Museum displays numerous artifacts collected by veteran workers from the Kennedy Space Center. Some of the most prized and unique artifacts are a set of bronze castings of the handprints of some of America’s most famous early astronauts.
The set includes the prints of Neil Armstrong and Buzz Aldrin, most of the Mercury astronauts and Gemini astronauts, the first Space Shuttle crew, as well as Sally Ride, the first American female astronaut, and Eileen Collins, the first female Shuttle Commander. 
The collection also includes numerous models depicting space program operations and an actual set of space shuttle launch consoles.  The consoles and a set of Atlas launch consoles dating to 1962 are in working order and visitors can touch the keyboards and throw switches.  Nearby the museum are also four beautiful monuments to commemorate each of the four NASA crewed space programs."	The unique collection includes bronze cast handprints of some of America's most famous astronauts.	{'Windover Archeological Site', 'Launch Complex 34', 'NASA Vehicle Assembly Building'}	308 Pine StreetTitusville, FloridaUnited States	28.6105	-80.8087	['jht69', 'PushingUpDaisies', 'kristingail']	2018-01-12	['Museo de Geología (Museum of the Institute of Geology)', 'Skylab’s Remains', 'War Museum Askifou', 'Chelyabinsk Meteorite']		http://spacewalkoffame.org
