placeName	placeTags	numPeopleVisited	numPeopleWant	placeDesc	placeShortDesc	placesNearby	placeAddress	placeAlt	placeLong	placeEditors	placePubDate	placeRelatedLists	placeRelatedPlaces	placeUrl
American Museum of the House Cat	['cats', 'museums and collections', 'animals', 'museums']	143	1036	"Cats have a regal bearing that seems to have fascinated human beings throughout history. Bastet, a feline goddess, was an important deity in ancient Egypt, most commonly represented by a sitting cat staring straight ahead. A bronze statue of the worshipped feline dating back to 600 BC is one of the highlights of the American Museum of the House Cat, which has hundreds of exhibits dedicated to the beloved species.
Founded in April 2017 by the local “Catman” Harold Sims, the museum focuses specifically on the house cat, the domesticated pet. The museum features cat memorabilia collected by Sims over three decades: A petrified cat rescued from a 16th century English fireplace, a hand-carved kitty carousel, antique cat toys, and cat beer steins are all on display. 
The retired biology professor and his wife Kay set up a no-kill cat shelter in 2002 right next door to their home in Sylva, North Carolina. The museum was conceived as way to share their vast cat-themed collection with feline lovers, document the history of human-cat interaction, and raise money for the shelter. On most days, Sims is at the museum, adding to the unique experience with stories about the exhibits. 
Update as of August 2020: The museum is relocating to 5063 Hwy 441, South Sylva, NC 28779."	This vast kitty-themed collection illustrates the history of human-cat interaction.	{'The Fugitive Train Wreck', 'Judaculla Rock', 'Caffé REL'}	Old School Antique Mall 4704 US-441Sylva, North CarolinaUnited States	35.3190	-83.2632	['e1savage', 'picturemebahb', 'dangmustangg', 'tahasic', 'lesf999', 'zydeko', 'lesf999', 'w\n\nwnccatmuseum', 'picturemebahb', 'tahasic', 'dangmustangg', 'zydeko', 'Mom0ja']	2017-05-30	['Tower of London Barbary Lion Skulls', 'Cats Museum', 'Cat Museum', 'Hoo-Hoo International Office and Museum']		http://www.catman2.org/the-american-museum-of-the-house-cat.html
