placeName	placeTags	numPeopleVisited	numPeopleWant	placeDesc	placeShortDesc	placesNearby	placeAddress	placeAlt	placeLong	placeEditors	placePubDate	placeRelatedLists	placeRelatedPlaces	placeUrl
Camera Collection at the American Society of Cinematographers	['film', 'collections', 'history & culture', 'history']	82	508	"Behind the tall hedges across the street from the famous Magic Castle is another clubhouse—this one slightly less magical, but no less wondrous. 
Inside the former home of the silent film star Conway Tearle, you’ll find the American Society of Cinematographers. Once a place where male industry insiders gathered to smoke cigars and shoot the breeze at the end of a workday, today it’s open to everyone—even visitors. 
The organization boasts a huge collection of historic cameras, from the late-1800s to the present. Wandering around the plush chairs and sofas in the ASC’s lounge, you’ll discover lantern-like projectors that beamed a single image, as well as the Edison Kinetoscope, which rolled 50 feet of film. The one in the ASC’s collection is mid-restoration, and once played a high-kicking serpentine dance performed by Annabel Moore, one of the stars of the Ziegfeld Follies.
Other highlights of the collection include the Mitchell BNC 2 that Gregg Toland used to film Citizen Kane (restored to its original black, after a blue paint job was removed). More recent additions include early digital cameras that weighed as much as 30 pounds each. Since the society is always adding to the collection, it will continue to be a record of the art and science of moving images."	Inside this clubhouse is a cinephile's paradise.	{'The Magic Castle', 'The Babylon Court', 'Janis Joplin’s Hotel Room'}	1782 N Orange DrLos Angeles, CaliforniaUnited States	34.1038	-118.3413	['jessicahester1', 'Avoiding Regret']	2018-10-26	"[""Alfred Hitchcock's London Flat"", 'The Limelight Department', 'Best Video Film & Cultural Center', 'Homografiska Museet']"		https://theasc.com/
