placeName	placeTags	numPeopleVisited	numPeopleWant	placeDesc	placeShortDesc	placesNearby	placeAddress	placeAlt	placeLong	placeEditors	placePubDate	placeRelatedLists	placeRelatedPlaces	placeUrl
American Sign Museum	['neon', 'electrical oddities', 'signs', 'inventions', 'outsider art', 'collections', 'museums and collections', 'museums']	702	2505	"Suffused with neon buzz, the Sign Museum is where all the beautiful, elaborate, and idiosyncratic signs can go once the thing they were advertising is no longer around.
The Museum was created by Tod Swormstedt, who has signs in his blood. He is the grandson of H. C. Menefee, the first editor of Sign of the Times, the sign industry’s main magazine. Swormstedt himself was the editor and publisher for several years before founding the museum.
The Museum’s collection reaches back into the 1800s, featuring signs of every sort made from almost every material imaginable. Among the most notable items are the Sputnik-like sign for the “Satellite Shopland” strip mall, and a single-arch McDonald’s sign with the pre-Ronald “Speedee” character. Some of the most beautiful signs are those from the pre-neon era, including signs advertising haberdashers, cobblers, druggists, and other turn-of-the-century businesses.
In 2012, The Sign Museum moved into a much larger space, enabling it to display some of the larger signs from its collection. The new space, with over 500 signs displayed on a faux “Main Street,” allows visitors to view these artifacts in something like their natural environment."	Where beautiful signs live on forever.	"{""Ezzard Charles' Former Boxing Gym"", 'Rookwood Ice Cream Parlor', 'Spring Grove Cemetery'}"	1330 Monmouth StreetCincinnati, Ohio, 45225United States	39.1435	-84.5399	['Facebook667428407', 'tylercole', 'gagnonsarah', 'arc459', 'DaytonDUI', 'buffycaine99', 'm\n\nmorsmordre', 'paigeelizabeth3660', 'PushingUpDaisies', 'Collector of Experiences', 'DaytonDUI', 'Thought and Sight', 'm\n\nmeganq', 'b\n\nbuffycaine99', 'arc459', 'tylercole', 'g\n\ngagnonsarah', 'M\n\nMartin', 'Rachel', 'KaliaK', 'wythe']	2013-04-18	"['Museum of Neon Art', ""World's Largest Collection of Smallest Versions of Largest Things"", 'American Computer Museum', 'Ilana Goor Museum']"		https://www.americansignmuseum.org
