placeName	placeTags	numPeopleVisited	numPeopleWant	placeDesc	placeShortDesc	placesNearby	placeAddress	placeAlt	placeLong	placeEditors	placePubDate	placeRelatedLists	placeRelatedPlaces	placeUrl
American Flats	['graffiti', 'abandoned', 'ruins']	79	440	"Unfortunately in the fall of 2014 the site was closed and subsequently demolished by the BLM.
The United Comstock Merger Mill today are the concrete ruins of a sprawling mill that was once used to process gold and silver mined on the Comstock. 
During the gold and silver boom in the region in the late 1800’s, the town of American City was established. The city was prosperous enough that it campaigned for the relocation of the Nevada state capital, though this was ultimately unsuccessful. In 1922, a mill was constructed by the United Comstock Mining Co., which would change ownership before ultimately closing in 1926. Since that time, much of the metal of the empty structure was removed for use in the World War II war effort, leaving mostly just the skeletal concrete remains of numerous buildings and cyanide vats.
Despite such a short time of active use, the abandoned mill at American Flat (commonly called American Flats) has been a desert epicenter for graffiti and parties. Located on BLM land, the structure today is mostly concrete and rebar and though the general lack of moisture has kept it fairly well preserved, time has caused large section of walls and roofs to collapse entirely. 
Rumors constantly swirl about attempts by the BLM to raze the structure, citing a death of someone whose ATV overturned while riding it up the staircase of one of the structures, but luckily, funding issues have made demolition impossible. Currently the mill ruins are on BLM land, access on the dirt tracks between the structures is legal during daylight hours. Entering the structures is illegal, and the property is patrolled by Storey County Sheriffs.
Prior to its demolition the BLM created a 137-node VR tour of the site which allows entry to each of its eight structures."	An abandoned cyanide mill is now a haunting magnet for graffiti and illegal parties.	"{'Ponderosa Saloon', ""Piper's Opera House"", 'Gold Hill Hotel'}"	Silver City, Nevada, 89428United States	39.2709	-119.6631	['neonconflagrations', 'dgerbo', 'Mark Sommer', 'Howard Goldbaum', 'Jeremy D', 'Louchebonvivant', 'J\n\nJeremy D', 'd\n\ndgerbo', 'Louchebonvivant', 'H\n\nHoward Goldbaum', 'hana', 'whitneykaharick', 'Mark Sommer']	2014-08-27	['Abandoned Hotel at Cala d’en Serra', 'Aldridge Sawmill', 'Abandoned Knox Coal Distribution Center', 'Tintic Standard Reduction Mill']		http://www.allaroundnevada.com/american-flat-mill/
