placeName	placeTags	numPeopleVisited	numPeopleWant	placeDesc	placeShortDesc	placesNearby	placeAddress	placeAlt	placeLong	placeEditors	placePubDate	placeRelatedLists	placeRelatedPlaces	placeUrl
Amsterdam Tulip Museum	['flowers', 'flora', 'hidden', 'shops', 'plants', 'museums and collections', 'museums', 'history']	309	516	"This is no ordinary flower shop or tourist stop. Tucked in the back of the flower store is a small museum that details the history of the Netherlands’s iconic symbol.
The tulip has a strong association with the Netherlands, as it’s the country’s national symbol. People come from around the world to see the country’s massive tulip fields. But many are unaware that the tulip isn’t even native to the Netherlands—they’re originally from the Himalayas.
The Ottomans were filling gardens with tulips by the 15th century. The plant made its way to the Netherlands around the 16th century, where its popularity flourished.
Seen as a symbol for the rich, the beautiful flowers would sometimes sell for prices significantly higher than the average person’s annual average salary. Of course, this was not sustainable, and the tulip market soon crashed. It took about 200 years for the tulip market to recover, and recover it did. The Dutch began cultivating tulips in great numbers, and continue to do so to this day.
All this and much more can be learned at the Amsterdam Tulip Museum, which is housed in the back of a tulip shop in central Amsterdam."	Tucked in the back of a flower shop, its collection details the fascinating history of the Netherlands's iconic symbol.	{'Homomonument', 'Bibliotheca Philosophica Hermetica (Ritman Library)', 'Amsterdam Cheese Museum'}	Prinsengracht 116AmsterdamNetherlands	52.3763	4.8841	['CoolCrab']	2019-12-31	['Willa Cather Prairie', 'Steinhardt Museum of Natural History', 'Museo de la Coca (Coca Museum)', 'Black Tulip Museum']		https://amsterdamtulipmuseum.com/
