placeName	placeTags	numPeopleVisited	numPeopleWant	placeDesc	placeShortDesc	placesNearby	placeAddress	placeAlt	placeLong	placeEditors	placePubDate	placeRelatedLists	placeRelatedPlaces	placeUrl
Anafiotika	['architectural oddities', 'architecture']	338	583	"Just below the north slope of the Acropolis and above Plaka is Anafiotika is a tiny neighborhood of whitewashed houses built according to Cycladic architecture. Wandering among these houses will make you feel as though you’ve been transported to a Greek island.
In 1840, experienced builders from the island of Anafi came to Athens to work on the new Royal Palace and excavation sites around the Acropolis. Taking advantage of a law that decreed that if you could put up a structure between sunset and sunrise the property became yours, these builders hastily built houses on the steep hillside.
They called their settlement Anafiotika, (“Little Anafi”), after their island. There are no stores, cafés or souvenir shops, just small whitewashed houses with bright shutters built on narrow streets with many bougainvillea-covered walls.
But though the settlement is charming, its history has been difficult. Most of the original village was destroyed in 1950 for archaeological research. In 1970, the Greek government began buying houses and demolished 20 more of them. There are fewer than 50 houses left, most of them inhabited by the descendants of the original Anafi families. Current owners of the houses are prohibited from selling or transferring them to non-family members, the only other option being selling them to the Greek government.
The area is home to several Byzantine churches, including the 11th-century Church of the Metamorphosis Sotiros, which has a rear grotto carved into the Acropolis; the 17th-century Monastery of the Holy Sepulchre, where the Holy Light first arrives from Jerusalem on the evening of Holy Saturday during Easter week; and the 17th0century Church of St. George of the Rock, which has a garden  memorializing the Evzone Konstantinos Koukidis who wrapped himself in the Greek flag he was guarding and leaped off the Acropolis when the Germans invaded Athens in 1941."	The Cycladic architecture makes this Athens neighborhood feel like an island paradise hidden in the shadow of the Acropolis.	{'The Olive Tree of the Acropolis', 'Church of Agios Demetrios of Diakos', 'Theatre of Dionysus'}	Athens, 105 58Greece	37.9714	23.7276	['gus619USA', 'Collector of Experiences', 'seanjobst']	2019-08-22	['The Japanese-Style\xa0House of Prospect Park South', 'Herz-Jesu-Kirche', 'Castillo Pittamiglio', 'Murtoa Stick Shed']		
