placeName	placeTags	numPeopleVisited	numPeopleWant	placeDesc	placeShortDesc	placesNearby	placeAddress	placeAlt	placeLong	placeEditors	placePubDate	placeRelatedLists	placeRelatedPlaces	placeUrl
Abandoned Annie Lytle Elementary School	['schools', 'abandoned']	253	968	"Built in 1915, this gigantic schoolhouse was originally christened as Public School Number Four, but was renamed Annie Lytle Elementary in 1957 in honor of a former principal. Unfortunately, the school only got to live under its new name for a few years before it was shuttered and abandoned.
When the highway system was constructed in Jacksonville in the 1950s, I-95 and I-10 intersected a mere hundred feet from Annie Lytle Elementary. The school became isolated and inconvenient to get to, and the sound of traffic would drown out classes on the second floor.
It closed for good in 1960 and was used as storage space for Duval County for some time before being officially condemned. A fire in 1995 caused part of the roof to cave in, and now nature has taken over the building. The school was almost demolished in 1999 and turned into condominiums, but multiple historic societies pressured the county to designate it a historic landmark. Annie Lytle Elementary received this honor in 2000, and dedicated volunteers have attempted to keep the grounds neat in the hopes that the property will someday be bought and repurposed. But nearly two decades later the school remains derelict and empty aside from the urban explorers who trespass there.
As with any abandoned place, the school has its fair share of ghost stories (everything from psychotic janitors to schoolkids who perished in a boiler room explosion). Jacksonville police assure that all crimes in the building occurred after its abandonment, in particular graffiti and squatting."	Jacksonville's highways rendered this century-old grammar school unusable.	{'Chamblin Bookmine', 'Kona Skatepark', 'Treaty Oak'}	699 Chelsea StJacksonville, FloridaUnited States	30.3188	-81.6800	['vfuru', 'sonarcide', 'johnbourscheid', 'timelesscreations', 'PushingUpDaisies', 'Molly McBride Jacobson']	2017-01-06	['Elsinore Naval and Military School', 'Kerr’s Run Colored School', 'Escola do Reino de Haudere Ruins', 'Arkutino School for Gifted Children']		
