placeName	placeTags	numPeopleVisited	numPeopleWant	placeDesc	placeShortDesc	placesNearby	placeAddress	placeAlt	placeLong	placeEditors	placePubDate	placeRelatedLists	placeRelatedPlaces	placeUrl
Antelope Valley Poppy Reserve	['flora', 'natural wonders', 'plants', 'nature']	599	2052	"Walking along the eight miles of trails in the Antelope Valley California Poppy Reserve, you might feel like Dorothy in the Wizard of Oz with the carpet of poppy flowers stretching out before you. 
The high desert landscape in the Mojave Desert is protected by the California Department of Parks and Recreation for its floral beauty. Poppies are the California state flower, but nowhere else in the state are the blooms so stunning and vibrant. The flowers usually return in mid-February and last to mid-May, although it depends heavily on the rainfall.
While the reserve is known for its poppies there is also an abundance of yellow flowers called Gold Fields. These little flowers are source of the wide swaths of yellow seen on some of the hills.
Since the 1970s, grazing animals have been kept away and people visitors are prohibited from taking any souvenirs, but aside from that the poppies are left completely to their natural splendor."	Each year these high desert hills are absolutely covered with poppy flowers in a surreal show of nature.	{'The Cat House', 'St. Francis Dam', 'Civic Musical Road'}	15101 Lancaster RoadLancaster, California, 93536United States	34.7349	-118.3959	['Allison', 'Avoiding Regret', 'gauchogirl7', 'Rachel']	2014-01-08	['Cenote Ik-Kil', 'Craggy Gardens Rhododendron Tunnels', 'Râpa Roșie', 'Tambopata Research Center']		http://www.parks.ca.gov/?page_id=627
