placeName	placeTags	numPeopleVisited	numPeopleWant	placeDesc	placeShortDesc	placesNearby	placeAddress	placeAlt	placeLong	placeEditors	placePubDate	placeRelatedLists	placeRelatedPlaces	placeUrl
Aogashima Volcano	['recursive places', 'volcanoes', 'islands', 'geology']	42	793	"When you think of Japan, one of the first things that may cross your mind is the sprawling urban metropolis of Tokyo.
What might not cross your mind is a volcanic island on a distant archipelago. However, it seems that the capital’s influence reaches far beyond the city limits, 200 miles to the small, beautiful volcanic island of Aogashima, where, technically, Tokyo governs the 170 residents. 
Truth is, there isn’t much to govern. Besides a few “minshukus” (a sort of budget bed and breakfast), a general store, and the helipad, there isn’t much to the settled area of the island. The main draw is the massive double volcano, with the island itself a giant volcano holding within itself a smaller volcano sprouting from its center. In fact, calling Aogashima a double volcano undersells it a bit as it is built from the remains of at least four submarine volcanoes. 
Though is has been a while since its last eruption, the island was the site of a series of earthquakes, known as an “earthquake swarm” in the 1780’s and a large eruption in 1785 that killed 130-140 people, nearly half of the island’s population. While it has been geologically calm since the 1780s, living next to an active volcano inside of another larger volcano, built from the remnants of previous destroyed volcanos, seems like asking for trouble. 
Aogashima, however, is a beautiful place to visit, and you can reach the island from Hachijō-jima by helicopter or ferry. There are hiking trails up to the rim of the interior volcano where you can cook eggs in the steam vents, beautiful views of the night sky absent light pollution, and a sauna powered by volcanic activity in town. Relaxed, quiet, and beautiful, it serves as an escape from the mania of modern Tokyo. It’s possible that Aogashima just might be worth getting blown to melty bits by a volcano."	We heard you like volcanoes so we put a volcano in your volcano so you can die for sure...	{'Kawazu Sakura Festival', 'Mount Mihara', 'Gas Mask Tourism on the Izu Islands'}	AogashimaJapan	32.4583	139.7688	['serflac', 'monacensia', 'Fred Cherrygarden', 'Rachel', 'Oliver Hong', 'Annetta Black', 'Fred Cherrygarden', 'm\n\nmonacensia', 'hana', 'l\n\nlisagd22', 'Oliver Hong', 'Rachel', 'Annetta Black']	2013-05-14	['Vulcan Point', 'Volcán de Tajogaite', 'Isletas de Granada', 'Cueva Volcánica de Orchilla (Orchilla Lava Tube)']		
