placeName	placeTags	numPeopleVisited	numPeopleWant	placeDesc	placeShortDesc	placesNearby	placeAddress	placeAlt	placeLong	placeEditors	placePubDate	placeRelatedLists	placeRelatedPlaces	placeUrl
Apache Drive-In Theatre	['purveyors of curiosities', 'shops', 'architectural oddities', 'architecture']	105	677	"“This is East Texas, honey. The big shiny buckle of the Bible Belt. Ain’t nobody gonna talk to you about what they do here.”
The employees of this XXX adult drive-in are less than informative, so questions regarding its ownership and operations remain unanswered, but its intent is clear - providing a discreet location for consenting adults to take in a skin flick in the privacy of their own vehicles.
With a dirt parking lot and disintegrating, dimly lit screen, the secluded spot lends to the seediness, but business must be good. It seems the ticket booth has recently been renovated, and what was once a concession stand is now home to an adult video and bookstore.
If you’re curious but would prefer to skip the show itself, you can poke around the grounds during daylight hours unmolested, but don’t expect a red carpet greeting – discretion is serious business when it comes to this type of entertainment."	A mysterious drive-in nestled in the forest that leaves little to the imagination.	{'Texas Broadcast Museum', 'Old Mill Pond Museum (formerly Parrot Park)', 'Tyler Rose Garden'}	13180 State Highway 31 ETyler, Texas, 75709United States	32.3315	-95.3855	['rederikked', 'PrestonW', 'forssa', 'Rachel']	2012-11-01	['Santa Claus House', 'Mangyongdae Funfair', 'The Noguchi Museum', 'Hot Wells Hotel and Spa']		
