placeName	placeTags	numPeopleVisited	numPeopleWant	placeDesc	placeShortDesc	placesNearby	placeAddress	placeAlt	placeLong	placeEditors	placePubDate	placeRelatedLists	placeRelatedPlaces	placeUrl
AR-MO-OK Tri-State Marker	['american south', 'geographic markers', 'slavery', 'monuments']	110	513	"There are more than 60 places in the United States where the borderlines of three states converge. The one on Route 43, where Arkansas and Missouri meet Oklahoma, is marked with three stone monuments stacked on top of each other.
The first marker is the 10-foot cement circle on the bottom, which has bronze lines indicating where the state boundaries are. It was put there in the 1960s by the Lions Club. The other two are stacked right at the point where the lines cross.
In 1915, the Ozark Culture Club installed the marble pedestal, the middle marker, with the name of each state and its date of admittance to the United States inscribed on the appropriate side. The fourth side, straddling Arkansas and Missouri, has the club’s name.
The headstone-like marker on the top is from 1821, the year Missouri became a state. Arkansas was still a U.S. territory, and Oklahoma was still Native American territory. It is marked “Mis. 1821” and “Ark.” on the north and south sides, respectively.
The top stone is supposedly related to the 1820 Missouri Compromise, which allowed Missouri to enter the Union as a slave state, under the stipulation that no state north of the boundary of Missouri’s southern border extended west, where the stone was placed, would be allowed to own slaves."	Three markers installed over the course of 140 years mark the point where Arkansas, Missouri, and Oklahoma converge.	"{""Darryl Starbird's National Rod and Custom Car Hall of Fame Museum"", 'Bachman-Wilson House', 'Route 66 Sidewalk Highway'}"	MO-43Sulphur Springs, ArkansasUnited States	36.4995	-94.6179	['gradec', 'Martin', 'angiebaby4077']	2017-09-05	['Marco do Equador', 'Marco do Descobrimento (Discovery Landmark)', 'Hand of Timba', 'John Brown Monument']		
