placeName	placeTags	numPeopleVisited	numPeopleWant	placeDesc	placeShortDesc	placesNearby	placeAddress	placeAlt	placeLong	placeEditors	placePubDate	placeRelatedLists	placeRelatedPlaces	placeUrl
Arago Medallions	['installations', 'astronomy', 'plaques', 'hidden', 'monuments']	335	565	"A series of bronze medallions dot the streets of Paris in a seemingly random pattern to those who do not know their origin, but in fact they follow what was once one of the most important lines in the world. 
In the early 19th century, astronomer François Arago, working off of centuries of prior calculations solidified a global meridian line that ran right through Paris. As it had already been for hundreds of years in France, Arago’s meridian was widely accepted by many astronomers and researchers as the “Prime” or “Zero” dividing line of the globe. Unfortunately his was not the only meridian in competition to be the one. At the 1884 International Meridian Conference, which was put together specifically to determine which line of longitude would become the one true king of global spacial measurement, it was decided that the meridian line running through Greenwich would become the prime. This unfortunately left Arago and the centuries old Paris meridian out in the cold, to be largely forgotten by time and progress.
However some reminders of the Paris dividing line still remain, the most recent of which being an “invisible” monument to Arago’s work. Created by Dutch artist Jan Dibbets, the sprawling monument consists of 135 bronze medallions that have been set into the Paris streets along the path of the Paris meridian from the northern tip of the city to the southern tip. Each 12 centimeter coin bears Arago’s name and an N and S to mark the direction they are pointing. The entire trail stretches over five miles. 
Despite centuries of development and entire lives of work devoted to establishing the Paris meridian, it often seems that it has been completely forgotten, but thanks to the Arago Medallions, countless travelers each day can remember a time when Paris was the center of the world."	135 bronze medallions mark a French meridian line which once rivaled the hotshot Greenwich timeline.	"{""Jeannot's Floor"", 'Sculptures de Décure', 'Catacombes de Paris'}"	61 Avenue de l'ObservatoireParis, 75014France	48.8363	2.3365	['EricGrundhauser', 'tag44017', 'Bucky Edgett', 'Molly McBride Jacobson']	2013-10-22	['Dark Star Park', 'Vincenzo Lunardi Commemorative Plaque', 'Tchorek Plaques', 'Thornborough Henges']		
