placeName	placeTags	numPeopleVisited	numPeopleWant	placeDesc	placeShortDesc	placesNearby	placeAddress	placeAlt	placeLong	placeEditors	placePubDate	placeRelatedLists	placeRelatedPlaces	placeUrl
Archie the Giant Squid	['giant squid', 'darwin', 'monsters', 'natural history', 'water', 'animals']	300	971	"Held in a custom-made acrylic tank filled with a 10% solution of formol-saline, the giant squid at the center of the London Natural History Museum Spirit Collection was caught off the coast of the Falkland Islands in March of 2004.
The 8.62-meter-long creature is an Architeuthis dux, or giant squid, and known at the museum as “Archie.” Although enormous, the giant squid is not actually the largest of the feared semi-mythical undersea ship eaters – that position of honor is reserved for the colossal squid, or Mesonychoteuthis hamiltoni.
Rarely seen, and even more rarely caught, this specimen was caught alive, although it did not remain that way for long. After death, it was transported to the Natural History Museum where it was frozen while a tank large enough to accommodate the huge specimen was designed and built.
The Spirit Collection at the London Natural History Museum holds about 22 million preserved zoological specimens, including the original collections of Sir Hans Sloane, an adventurous 18th-century traveler and collector, who also is known for having introduced the drinking of chocolate milk to Europe. His collection alone numbered some 80,000 items. The new Darwin Centre opened in September 2009.
Archie’s final resting spot is a specially built 9-meter-long transparent tank, made by the same people who made tanks for Damien Hirsts’ formaldehyde specimen installations.
China Miéville’s 2011 novel Kraken opens with the seemingly magical theft of Archie.
The Spirit Collection (and Archie) can be visited on special guided behind the scenes tours."	The monster at the center of the Darwin Center Spirit Collection.	{'Natural History Museum of London', 'Alfred Russel Wallace Statue', 'Chi-Chi the Giant Panda'}	Cromwell RoadLondon, England, SW7United Kingdom	51.4966	-0.1771	['Annetta Black', 'hrnick', 'ace424242', 'gretchenmora', 'reley250', 'Martin', 'Monsieur Mictlan', 'reley250', 'g\n\ngretchenmora', 'ace424242', 'SEANETTA', 'hrnick', 'M\n\nMartin', 'Rachel']	2013-02-11	"['Lake Tele', 'State Darwin Museum', 'Colossal Squid', ""'Der Hase'""]"		http://www.nhm.ac.uk/visit-us/whats-on/daily-events/spirit-collection-tour/index.html
