placeName	placeTags	numPeopleVisited	numPeopleWant	placeDesc	placeShortDesc	placesNearby	placeAddress	placeAlt	placeLong	placeEditors	placePubDate	placeRelatedLists	placeRelatedPlaces	placeUrl
Archive of the Afterlife	['paranormal', 'oddities', 'haunted', 'collections', 'museums and collections', 'museums']	155	1537	"The Archive of the Afterlife in Cameron, West Virginia, bills itself as the “National Museum of the Paranormal.” It’s packed with oddities that are historical, and in some cases, allegedly haunted or cursed. 
You’ll find relics from the former West Virginia State Penitentiary, such as what the museum claims is the lost execution cap to the electric chair “Old Sparky.” There are also battle-damaged artifacts from European battlefields from World War II.
A majority of the room is filled with supposedly haunted items from residential paranormal cases and collected from here and there. Some say a few of these items seem to be more “charged” than others, such as the Annie portrait, the mutilated effigy doll, and the aforementioned execution cap. 
The rest of the room harbors funerary and mortuary items, which includes two embalming tables, one embalming pump, and two service display caskets. One casket is for adults and the other is for infants. The funerary items are accompanied by an array of funeral home advertising and signage."	"The museum calls itself the ""National Museum of the Paranormal"" and is full of eerie oddities."	{'New Vrindaban Palace of Gold', 'Grave Creek Mound', 'West Virginia State Penitentiary'}	86 Railroad StCameron, West Virginia, 26033United States	39.8263	-80.5685	['Hummel1600', 'lewintn', '12345678987654322347654', 'cjko9', 'roderickgbates71']	2017-10-13	['Cryptozoology & Paranormal Museum', 'Akin Free Library', 'Museum of the Bizarre', 'Museum of Death']		https://archive-afterlife.weebly.com
