placeName	placeTags	numPeopleVisited	numPeopleWant	placeDesc	placeShortDesc	placesNearby	placeAddress	placeAlt	placeLong	placeEditors	placePubDate	placeRelatedLists	placeRelatedPlaces	placeUrl
Arcosanti	['outsider architecture']	620	903	"Using a concept he calls arcology, architect Paolo Soleri began construction on Arcosanti in 1970. This experimental city was constructed in order to demonstrate how urban conditions could be improved while minimizing the destructive impact on the earth. A lack of funding has somewhat crippled the town-site, originally intended to house over 5000 people. The current population varies between 50-150 persons, based on the number of students and volunteers on the site.
The layout of the buildings is intricate and organic, rather than a typical city grid. The current structures include a five-story visitors’ center/cafe/gift shop, a bronze-casting apse, a ceramics apse, an outdoor amphitheater, a community swimming pool, an office complex, as well as a ring of apartment residences and storefronts. Arcosanti also maintains greenhouses, gardens, and agricultural fields.
Construction continues as students from around the world visit in order to attend workshops and classes. Funding is aided by the sale of artistic bells, crafted onsite, and the 50,000 tourists that visit each year.
Soleri, who was from Italy, enrolled in Frank Lloyd Wright’s school of architecture, one of which was located just outside of Scottsdale, Arizona. The two architects had a falling out due to inflated egos and Soleri went off to build Arcosanti, a notable example of Brutalism architecture."	An urban laboratory.	{'Montezuma Castle', 'Verde Valley Ancestral Garden', 'Verde Valley Archaeology Center'}	located 65 miles north of Phoenix, just off I-17, exit 262Mayer, Arizona, 86333United States	34.3431	-112.1007	['Wanderlust42', 'RBAR', 'theamarant', 'knoxium', 'renkessler', 'W\n\nWanderlust42', 'e\n\nevilgreentriangle', 'Jana Apergis', 'gingercinnamon', 'knoxium', 'P\n\nPheeohnuh', 'RBAR', 'r\n\nrenkessler', 'theamarant']	2009-10-12	['Mosaic House of Dunedin', 'Enchanted Hart Haus', 'Castillo Monumento Colomares', 'The Chapel of Jimmy Ray']		http://www.arcosanti.org/
