placeName	placeTags	numPeopleVisited	numPeopleWant	placeDesc	placeShortDesc	placesNearby	placeAddress	placeAlt	placeLong	placeEditors	placePubDate	placeRelatedLists	placeRelatedPlaces	placeUrl
Argonaute Submarine	['water', 'monuments']	211	441	"The Argonaute French submarine, also known as the S636, was launched on October 23rd, 1958 as a flagship within the Toulon submarine squadron. With its stealthy, silent diesel engines and its 40-man crew, the Argonaute was considered one of the most modern submarines in the world. She spent 2,147 days at sea, made ten trips around the world, and was underwater for a total of 32,700 hours.
After 24 years of loyal service, the Argonaute was retired from active service. She was transferred from Toulon to Gibraltar to Le Havre, and then to the Canal de l’Ourcq, where she was lifted from the water by cranes and moved to her current location in Paris.
In 1991, the Argonaute was opened to the public, and its interior is still open daily with an admission fee.
Adapted with permission from Exploguide.com dedicated to travelers looking for alternative and off-the-beaten-track travel."	The Argonaute submarine was the French navy's pride and joy in the 1950's.	{'Temple de la Sybille (The Temple of Sybille)', 'El Clan Destino', 'Beware of Words'}	La Villette ParkParis, 75019France	48.8936	2.3898	['katiebaker4', 'Martin', 'dormeroom', 'Rachel']	2012-05-17	"['Source of the Zambezi', 'Tidal Pools of Leça da Palmeira', 'Kaiser Wilhelm Fountain', ""Father Baraga's Cross""]"		
