placeName	placeTags	numPeopleVisited	numPeopleWant	placeDesc	placeShortDesc	placesNearby	placeAddress	placeAlt	placeLong	placeEditors	placePubDate	placeRelatedLists	placeRelatedPlaces	placeUrl
Arion Press and M & H Type	['printing', 'vintage', 'factories', 'books', 'design']	84	697	"It might seem impossible that the precise lines of an entire book could be done by hand, but the Mackenzie & Harris Type foundry, established in 1915, finds that the old-fashioned method needs no perfecting. 
The M & H Type foundry continues to make fonts the old-fashioned way, by moulding them out of red hot metal. Located in San Francisco’s beautiful Presidio, the foundry shares a roof with one of the most vintage typesetters, Arion Press, and you can get a tour of the printing process from start to finish.
Founded in 1974, Arion made its name publishing Beat-era books and classics printed in period-authentic type. Today, it publishes three to four new books each year, in limited editions, using letterpress for its distinct aesthetic and custom illustrations—all with limited computer involvement. A gallery in the lobby showcases some of the recent and older books and prints. A public tour is even more interesting: Visitors are walked through the typesetting area where you can see vintage presses, rollers, and letters being strung together to form words, and then whole pages.
Further along, tours descend to the basement to see the alchemical process of actually making the individual letters out of the foundry. The tour ends where the bookmaking process does, when the paper is inspected and the volumes are bound."	Fonts are born and bred here at the oldest letterpress type foundry in the United States.	{'Battery Chamberlin', 'Internet Archive Headquarters', 'United States Marine Hospital Cemetery'}	1802 Hays StreetSan Francisco, CaliforniaUnited States	37.7883	-122.4736	['Marcin Wichary', 'Greg Jones', 'brendaginty', 'Molly McBride Jacobson']	2017-03-02	['Museu Nacional da Imprensa (National Press Museum)', 'Maishima Incineration Plant', 'National Workshop For Handmade Paper', 'Cary Graphic Arts Collection']		http://www.arionpress.com/
