placeName	placeTags	numPeopleVisited	numPeopleWant	placeDesc	placeShortDesc	placesNearby	placeAddress	placeAlt	placeLong	placeEditors	placePubDate	placeRelatedLists	placeRelatedPlaces	placeUrl
Ark Encounter	['theme parks']	254	812	"The Ark Encounter is a combination of a theme park and a Biblical recreation. The main attraction is the replica of Noah’s Ark, which was built using the measurements specified in the Book of Genesis: It is 510 feet long, 51 feet high, and 85 feet wide. 
Visitors are able to explore the three decks of the ark, including examining the craftsmanship of what is called the largest timber structure in the United States. 
On board the ark are sculptures of the different types of animals, many of them now extinct. Many of the cages also have plaques describing the Biblical view of how every “kind” of animal fit on the original ark, and how these would reproduce after their kind into the millions of species we have today.
Other exhibits on the ark include animatronics of Noah and his family. Some liberties have been taken by giving the women names from tradition rather than holding strictly to the Bible, which does not name them.  Private quarters, common living room, kitchen and food storage areas are depicted and described. 
Outside of the ark, the park also offers zip-line rides, a petting zoo, and a café.  There are plans to add on and expand the park."	A theme park featuring a replica of Noah's Ark built to the measurements specified in the Bible.	"{'Rabbit Hash', ""Florence Y'all Water Tower"", 'Dinsmore Farm'}"	Ark Encounter DrWilliamstown, KentuckyUnited States	38.6253	-84.5857	['vonbuxter', 'dcardelino', 'roryhmcleod', 'hrnick', 'ketchiegrl', 'Collector of Experiences', 'd\n\ndcardelino', 'j\n\njellybean99', 'r\n\nroryhmcleod', 'ketchiegrl', 'Collector of Experiences', 'DaytonDUI', 'hrnick']	2016-07-27	"['Walt Disney’s Bench', 'Jingles', ""'The Little Prince' Park"", 'Fairy Park']"		https://arkencounter.com/
