placeName	placeTags	numPeopleVisited	numPeopleWant	placeDesc	placeShortDesc	placesNearby	placeAddress	placeAlt	placeLong	placeEditors	placePubDate	placeRelatedLists	placeRelatedPlaces	placeUrl
Armour Meatpacking Plant	['exploration', 'lost wonders', 'shops', 'abandoned', 'ruins', 'architectural oddities', 'architecture']	99	539	"In its prime, the Armour Meatpacking Plant in National City, Illinois, was second in size only to a similar plant in the Chicago stockyards.
In its heyday, the Armour plant employed more than 4,500 people and was also a popular, if gory, tourist destination with daily guided tours of the slaughterhouse and processing lines. Times changed and the proliferation of refrigeration altered the meat industry, and Armour relocated to elsewhere in the Midwest. The National City plant closed in 1959 and was “donated” to the city of East St. Louis, which was clearly not thrilled with the property since it has been left abandoned and rotting since then.
Many of the buildings in the complex have collapsed, and the remaining structures are hollow shells of their previous industriousness, with nothing but debris and rusting machinery to recall the site’s past. The silver lining to the deterioration of the factory is that it has become a prime destination in the Midwest for urban explorers. Walking through the ruins is a fascinating, eerie, and spectacular experience.
However, visiting the complex has become more hazardous in the past months. A recent excursion reveals the main building is approximately halfway demolished; construction equipment is visible from behind the rubble. Plans by the Missouri and Illinois Departments of Transportation have highway extensions planned just a few hundred feet away from the old plant, a potential cause behind the recent “renovations”. Be sure to explore the Armour Meatpacking Plant before it’s completely put out to pasture.Update 2016: Sadly, this amazing facility was completed demolished and razed in 2016 and no longer exists."	An abandoned meat mecca now serves as an excellent locale for urban exploration.	"{'Gateway Geyser', ""Laclede's Landing Wax Museum"", 'Cotton Belt Freight Depot'}"	Exchange PlaceEast St. Louis, Illinois, 62201United States	38.6391	-90.1462	['musicman', 'Rachel', 'fodasher', 'Weifinder', 'heffSTL', 'sncooftxt']	2013-09-11	['Spreepark', 'Camber Castle', 'Viaduct Petrobras', 'Concrete City']		
