placeName	placeTags	numPeopleVisited	numPeopleWant	placeDesc	placeShortDesc	placesNearby	placeAddress	placeAlt	placeLong	placeEditors	placePubDate	placeRelatedLists	placeRelatedPlaces	placeUrl
Arnold Schwarzenegger Statue	['competitions', 'politics', 'sports', 'statues']	578	556	"Arnold Schwarzenegger is most commonly linked with California, as he was the state’s “Governator” for eight years. But he also has a special connection with Columbus, Ohio, which hosts the annual Arnold Sports Festival, aka the Arnold Classic. 
This association goes back to 1970, when the young bodybuilding star arrived in the city, fresh from a Mr. Universe triumph in London, to participate in the Mr. World contest. He bagged the top honor there too and developed a friendship with the event’s organizer Jim Lorimer, and expressed interest in working with him after retiring from the sport. 
This was the start of a lifelong association, where the two promoted bodybuilding events beginning with the 1976 Mr. Olympia event. In 1989, they organized the Arnold Classic, a bodybuilding and fitness competition and expo, which still takes place in Columbus every year.  
To mark Schwarzenegger’s Mr. World victory and the continued association, a 8-feet tall bronze statue of the man in all his sinewy muscular glory, was unveiled in 2012 outside the Veterans Memorial Auditorium, where the 1970 competition was conducted. When the auditorium was demolished, the statue was moved to its current location outside the Columbus Convention Center, where the Arnold Classic is now held."	A bronze of the man in all his sinewy glory celebrates his longtime connection to the Ohio city.	"{'Gavel Sculpture', ""'As We Are'"", 'Scioto Lounge Deer Sculptures'}"	474 N High StColumbus, OhioUnited States	39.9721	-83.0023	['Thought and Sight', 'DrewScofield01', 'tylercole']	2017-06-15	"[""'Miracle on Ice' Statue"", 'Dr. James Naismith Statue', 'Anna Kéthly Statue', ""'Spirit of the Marathon'""]"		
