placeName	placeTags	numPeopleVisited	numPeopleWant	placeDesc	placeShortDesc	placesNearby	placeAddress	placeAlt	placeLong	placeEditors	placePubDate	placeRelatedLists	placeRelatedPlaces	placeUrl
Second Avenue Subway Art	['subways', 'mosaics', 'transportation', 'subterranean sites', 'art']	433	441	"After 88 years in development, New York City’s new Second Avenue subway line has become a reality. And the two-block-long concourses and particularly high ceilings allow the line’s first subway stations to house a permanent public art installation on a scale not previously seen in New York.
The first stations opened along the new line are the latest additions to the MTA’s Arts & Design project to revitalize the city’s public transit stations. Four high-profile artists were chosen for the Second Avenue subway project. The most well-known is Chuck Close, who adorned the 86th Street station with 12 mosaic portraits, each nine feet high. Among his subjects are musician Lou Reed, painter and artists Cecily Brown, Zhang Huan, Pozsi Kolor, Cindy Sherman, Sienna Shields and Kara Walker. In one of his self-portraits, the squiggly hairs of his beard are individually shaped tiles that differ from the otherwise mostly square tiles that make up the rest of the image.
Brazilian artist Vik Muniz also incorporated a self-portrait into his contribution at the 72nd Street station, depicting himself tripping and spilling papers out of his briefcase. Like Close, Muniz used people he knew as his subjects, asking them to pose for the 36 life-sized mosaic portraits of New Yorkers who just seem to be waiting for the train like anyone else. They may be reading, they may be carrying their instruments of choice (a saxophone particularly pops), or they may be dealing with children. The piece is called “Perfect Strangers,” but the impression is of familiar characters one might see at a subway station.
At the 96th Street station, artist Sarah Sze used standard-sized tiles as her canvas, creating a smooth and immersive drawing for riders to descend through as they head for their trains. A collage of images of scaffolding, birds, chairs, leaves, and wind greet those entering the station, and along the concourse they pass through the illusion of paper blowing around them, as though they were walking along the street on a windy day. Her piece, which resembles the blue and white image one might see on an architect’s desk, is called “Blueprint for a Landscape.”
At the 63rd Street Station, artist Jean Shin used pictures she found in the archives of the New York Transit Museum and New York Historical Society to re-create images of riders from the 1920s, 30s, and 40s on the walls. She also depicted the demolition of the Second and Third Avenue elevated lines, from which her piece got its name, “Elevated.”"	Beautiful mosaics cover the first stations opened on New York City's newest subway line.	{'George Glazer Gallery', 'The Treasures in the Trash Collection', 'New York Academy of Medicine Rare Book Library'}	1837-1849 2nd AveNew York, New YorkUnited States	40.7843	-73.9482	['AaronNetsky', 'YeleFit', 'Baseball Byways', 'tarn', 'lampbane']	2017-03-13	['London Underground Labyrinths', '76th Street Subway Station', 'Osokorky Metro Station', 'Metro Auditorio']		http://web.mta.info/nyct/service/2ndAve_Q/New_Q_service.html
