placeName	placeTags	numPeopleVisited	numPeopleWant	placeDesc	placeShortDesc	placesNearby	placeAddress	placeAlt	placeLong	placeEditors	placePubDate	placeRelatedLists	placeRelatedPlaces	placeUrl
Art Cartopia Museum	['cars', 'roadside attractions', 'collections', 'art']	125	643	"While driving in Colorado, near exit 15 off of I-25, you may spot something utterly odd off the side of the road. You can’t help but gape at the giant red gorilla holding a car over its head, or the vehicle showing a large skeleton driving a jet, or the van covered in eyeballs.
Welcome to the Art Cartopia Museum. Here, sideshow banners and an incredible sculpture made of Volkswagen parts loom above curious visitors as they explore the museum’s exterior. Off to the side, you’ll find an old truck covered with old toys and figures.
Opened the door, and you’ll be met by an explosion of color and curious “stuff” everywhere as you enter a large showroom filled with an astounding array of gloriously wacky embellished vehicles. There, you’ll see a fire-breathing dragon parked next to the “Stink Bug,” a VW covered with cigarette butts that had been collected as litter. To the right is an Isuzu Trooper completely covered with glass.
The guides—they’re called “Splainers”—are informative, quirky, and entertaining. To add to the wildly enhanced, artfully kooky conveyances, there’s vehicle-based art on every wall and hanging from the ceiling."	A roadside attraction filled with an astounding array of gloriously wacky vehicles.	{'Ludlow Massacre Site', 'Raton Iridium Layer', 'Steam Engine 638'}	2702 Freedom RdTrinidad, Colorado, 81082United States	37.1926	-104.4964	['rodneywood51', 'Collector of Experiences', 'krystalklear87']	2019-04-23	['Pleasantville Curve', 'Vanadu Art House', 'World Famous Crochet Museum', 'AA Sentry Box #289']		https://artcartopia.com
