placeName	placeTags	numPeopleVisited	numPeopleWant	placeDesc	placeShortDesc	placesNearby	placeAddress	placeAlt	placeLong	placeEditors	placePubDate	placeRelatedLists	placeRelatedPlaces	placeUrl
Artist's Drive	['panoramas', 'martian landscapes', 'deserts', 'roads', 'geological oddities', 'ecosystems', 'geology']	817	683	"Death Valley conjures images of a rugged, desolate, monochromatic landscape of sun-blasted mountains and blistering, arid valleys. Artist’s Drive, however, is a meandering road along the face of the Black Mountains that reminds visitors of the colorful, dynamic — albeit ancient and slow-moving — geological activity that shaped the area.
This one-way, south-to-north loop branches off of Badwater Road and up through an alluvial fan that formed during the Miocene epoch, between 23 million and 5.3 million years ago. While modern ape species arose and diversified and human ancestors branched off from chimpanzee ancestors to begin their own evolutionary adventure, violent, explosive volcanic activity formed what is now known as the Artist’s Drive Formation.
Mineral-rich deposits reaching depths of 5000 feet were subsequently eroded by infrequent but intense flash floods that roared down the deep valley, exposing buried deposits of iron, mica, and manganese to oxidize in the bone-dry air. Iron turned pink, red, and yellow; mica slowly combusted in green hues; and manganese added shades of purple, creating the brilliant rainbow of colors that paint the silent canyons today.
While the main scenic stop along the drive is found roughly midway at the formation known as Artist’s Palette, the entire nine miles of Artist’s Drive’s twisting, dipping ride through the ancient mountain front range provides dazzling colors on one side and breathtaking views of the salt flat below on the other. Fans of deafening quiet and sci-fi landscapes will be pleased."	Millions of years of oxidation make a drive down this winding Death Valley road surprisingly colorful.	{'Devils Golf Course Landscape', 'Harmony Borax Works', 'Badwater Basin'}	Off Badwater Road, between Furnace Creek and BadwaterInyo County, CaliforniaUnited States	36.3299	-116.8300	['Zach Rapport', 'CoolCrab', 'Findingbalance18', 'RHyzer', 'darabrown3237', 'Moun10Bike', 'J\n\nJustin V', 'F\n\nFindingbalance18', 'darabrown3237', 'WhiskeyBristles', 'Moun10Bike', 'RHyzer', 'CoolCrab']	2016-04-22	['Námafjall', 'Don Juan Pond', 'The Pinnacles', 'Waw an Namus']		
