placeName	placeTags	numPeopleVisited	numPeopleWant	placeDesc	placeShortDesc	placesNearby	placeAddress	placeAlt	placeLong	placeEditors	placePubDate	placeRelatedLists	placeRelatedPlaces	placeUrl
Art-o-mat	['smoking', 'shops', 'art']	752	1544	"You won’t find any smokes in this retro cigarette vending machine. Feed it some cash, and instead of a cigarette you’ll be rewarded with little pieces of art.
What was started in Winston-Salem, North Carolina, in 1997 by artist Clark Whittington as a temporary art exhibit has now grown into an expansive project. Today more than 100 refurbished cigarette vending machines stocked with work from more than 400 artists are spread across the United States and beyond.
Whittington transformed the machines, which were banned by many towns in the late 20th century, into what are essentially little art stores. All you have to do is donate $5 and crank the handle to receive your own original, handmade souvenir. Anything from paintings, jewelry, little sculptures, or drawings will fall into your hands.
The Cosmopolitan Hotel and Casino in Las Vegas, Nevada, houses the one of the largest single collections of machines throughout its lobby and hallways. There are six such classic Art-o-mats within the Cosmo. Finding them is half the fun … choosing which artist to purchase a treasure from is the other."	These banned cigarette vending machines now sell little pieces of pocket-sized art.	"{""'Akhob'"", 'The Big Edge', 'Bellagio Patisserie Chocolate Fountain'}"	3708 S Las Vegas BlvdLas Vegas, NevadaUnited States	36.1099	-115.1754	['jondi letnap', 'Collector of Experiences', 'erjeffery', 'Schweg', 'elfandhobbit', 'sharris', 'k\n\nkatherinejhdevaney', 's\n\nserenarobinett 268e6866', 'chanson33', 'e\n\nevilgreentriangle', 'elfandhobbit', 'S\n\nSweetwind', 's\n\nsharris', 'Collector of Experiences', 'erjeffery', 'S\n\nSchweg']	2018-05-02	['ReGEN Haus', 'FONART Patriotismo', 'Fábrica La Aurora', 'iBox']		http://www.artomat.org/
