placeName	placeTags	numPeopleVisited	numPeopleWant	placeDesc	placeShortDesc	placesNearby	placeAddress	placeAlt	placeLong	placeEditors	placePubDate	placeRelatedLists	placeRelatedPlaces	placeUrl
Athens Lunatic Asylum	['abandoned insane asylums', 'ruins']	405	999	"Athens Lunatic Asylum opened in 1874 on 141 acres and it was designed for 500 patients. By the 1950s it had expanded to a facility with 78 buildings on 1,000 acres. During its active years tens of thousands of patients were treated with around 1,800 buried in cemetaries on the ground.
At one time it was the largest employer in the state of Ohio. However, it was the patients who worked the grounds. That is, until catatonic drugs became common. Archives on the asylum show that hydrotherapy, electroshock therapy, lobotomies, and psychotropic drugs were all used as treatments.
The asylum closed in 1993, and the property was bought by Ohio University. Today as renovations continue the old asylum has several uses, such as a daycare, art museum,art studios, surplus store, Biotech labs, OU Police Department, and education related uses. 
The Ridges is also known for its use of the kirkbride plan a unique and distinct asylum plan that used a batwing design and was built on the idea of moral treatment. Kirkbrides featured lots of natural light and airflow. Today the Ridges may be considered the largest and most complete example of a kirkbride still standing."	An abandoned asylum incorporated into a college campus.	{'Sunday Creek Coal Company Mine No. 6', 'John E. Edwards Particle Accelerator', 'Nelsonville Brick Park'}	S Plains RdAthens, Ohio, 45701United States	39.3237	-82.1127	['cinapelayo', 'Annetta Black', 'TravelwithAustin', 'mcgravin', 'rbt45769', 'Martin', 'TravelwithAustin', 'rbt45769', 'Molly McBride Jacobson', 'M\n\nMartin', 'm\n\nmcgravin', 'Annetta Black']	2013-04-08	"['Letchworth Village', 'Pilgrim Psychiatric Center', 'Trans-Allegheny Lunatic Asylum', ""Abandoned St. Mary's Asylum""]"		
