placeName	placeTags	numPeopleVisited	numPeopleWant	placeDesc	placeShortDesc	placesNearby	placeAddress	placeAlt	placeLong	placeEditors	placePubDate	placeRelatedLists	placeRelatedPlaces	placeUrl
Atlantis Books	['bookstores', 'stores', 'books', 'literature', 'shops']	216	568	"A mecca for bookworms is buried beneath the waves of whitewashed buildings flowing toward the Aegean Sea. Virtually invisible unless deliberately sought out, Atlantis Books is a tiny bookstore packed with some of the greatest literary works by authors such as Leo Tolstoy and Samuel Beckett.
Opened in 2004 by a group of young and adventurous college students, the shop offers a plethora of books from international authors translated into English. A small set of stairs framed by vines funnels visitors past a vibrant mural and into the bookstore.
The store is a winding maze of books, all sorted by genre. You’ll find anything from literary classics to intriguing newer titles. Splashed along white walls are quotes and colorful illustrations that swirl around the entire bookstore. There’s also a timeline of the bookstore’s creation running along one wall.
Chairs and tables are tucked into the nooks and crannies of the area, inviting readers to sit down and get lost within the pages of a book. Don’t be surprised if you spot a cat or two snoozing among the stacks. Above ground, the bookstore boasts a patio offering a stunning view of the sparkling sea."	A quirky bookstore hidden beneath a sea of whitewashed Greek villas.	{'Paralia Perissa', 'Tomato Industrial Museum', 'Prehistoric Town of Akrotiri'}	Nomikos StreetOíaOíaGreece	36.4614	25.3745	['Asia London Palomba', 'kathrinzauner', 'erjeffery', 'Osage', 'Pericles Rosa']	2018-03-08	"[""Prospero's Books"", 'Bonnie Slotnick Cookbooks', 'Cărturești Carusel Bookstore', 'Word on the Water']"		http://www.atlantisbooks.org/
