placeName	placeTags	numPeopleVisited	numPeopleWant	placeDesc	placeShortDesc	placesNearby	placeAddress	placeAlt	placeLong	placeEditors	placePubDate	placeRelatedLists	placeRelatedPlaces	placeUrl
Atlanta Botanical Garden	['botanical gardens', 'art outside', 'plants']	429	686	"An emerald gem in the heart of Atlanta, this garden is an ever-evolving horticultural destination. The Atlanta Botanical Garden opened in 1976 with the mission to develop and maintain plant collections for display, education, research, conservation, and enjoyment. It is now 30 acres of lush green and is composed of smaller themed gardens, each featuring a different landscape to showcase a variety of plants.
The garden was organized by a grassroots group of citizens who started a petition in the mid-70s. It grew quickly, adding new collections and expanding conservation efforts while welcoming thousands of visitors a year to see the extraordinary flora on display.
Some notable spots include the award-winning Children’s Garden, the serene Storza Woods, and the enchanting Skyline Garden. The garden is a lovely place to visit year-round and gets quite festive during the holiday season. The “Garden Nights, Holiday Lights” event illuminates the entire garden with festive lights through the chilly winter nights.
For those who are interested, they do offer educational opportunities for visitors such as school and group tours as well as gardening classes!"	A grassroots community effort in the 1970s led to the creation of this beautiful garden full of delightfully whimsical exhibits.	{'Noguchi Playscape', 'Atlanta Rainbow Crosswalks', 'Atlanta Monetary Museum'}	1345 Piedmont Ave NEAtlanta, Georgia, 30309United States	33.7905	-84.3736	['anle531', 'jessemiers', 'RLong1501', 'emothedesolate']	2021-06-22	['International Water Lily Garden', 'Jardín Botánico Regional de Cadereyta', 'Cathedral of Thorns', 'Moorten Botanical Garden and Cactarium']		https://atlantabg.org
