placeName	placeTags	numPeopleVisited	numPeopleWant	placeDesc	placeShortDesc	placesNearby	placeAddress	placeAlt	placeLong	placeEditors	placePubDate	placeRelatedLists	placeRelatedPlaces	placeUrl
Atomic Survival Town	['disaster areas', 'ruins']	103	1412	"In 1955 a series of 14 nuclear test explosions known as “Operation Teapot” were set off in the Nevada desert at Yucca Flat.
The most memorable part of the tests were the purpose-built homes and other structures set at varying distances from the blasts to test the impact and effects of the explosions, known collectively as “Survival Town” – or, slightly less optimistically, “Doom Town.”
The most disturbing element of the fake town was its citizens: the homes were populated by 1950s picture-perfect mannequin families, bravely facing their imminent doom going about their daily routines in dapper outfits. Thousands of spectators watched the blasts from what was thought to be a safe distance. (Note: it was not a safe distance.)
Public tours are available."	A picture-perfect town, perfect for blowing up.	{'Sedan Crater', 'Icecap Ground Zero', 'Atomic Bank Vault'}	Nevada Test SiteNye County, NevadaUnited States	37.0688	-116.0442	['Cara Giaimo', 'Martin', 'Rachel', 'derukanjiru', 'Molly McBride Jacobson']	2012-12-24	['Carmen Tower', 'Broken Down Dam Park', 'Remains of the Dolgarrog Dam Disaster', 'AIR Studio Ruins']		
