placeName	placeTags	numPeopleVisited	numPeopleWant	placeDesc	placeShortDesc	placesNearby	placeAddress	placeAlt	placeLong	placeEditors	placePubDate	placeRelatedLists	placeRelatedPlaces	placeUrl
Atomic Liquors	['gambling', 'atom bombs', 'travelnevada', 'nuclear', 'bars']	705	1320	"In 1945, when Joe and Stella Sobchik opened a small café on Fremont Street in Las Vegas, the war was still on, and that meant rationing. Running a restaurant was a challenge in those days, but Joe and Stella stuck it out and Virginia’s Café (named for Stella’s mom) did pretty well for a few years.
In the early 1950s Vegas was booming, and at the nearby Nevada Test Site for nuclear devices, so were mushroom clouds. Joe had grown tired of flipping burgers and saw an opportunity in catering to the liquor needs of Fremont Street, so with atom bombs literally and figuratively in the air, in 1952 the Sobchik’s shut down the café and opened Atomic Liquors. They lit up the now-famous neon, got themselves the very first Las Vegas Tavern License, and were on the road to becoming the oldest free-standing bar in town.
At first Atomic Liquors was just a package store, selling beer, wine and the hard stuff on a take-out basis. But with the newly-minted tavern license, mix drinks could be served alongside the stuff going out the door in paper bags, and it became a 24 hour a day business. Rooftop service was added so customers could tipple a few “Atomic cocktails” while watching the blasts 65 miles to the north (it being a time before the dangers of observing nuclear testing was understood).
All kinds of customers came–construction workers drank alongside the Rat Pack, Barbra Streisand kicked back with the staff and played a little pool, and casino workers dropped by at all hours to cap off a long shift dealing blackjack. A kind of respite from the glitzier Strip, the Atomic and its classic good looks drew the attention of Hollywood too, eventually turning up as a location in “The Twilight Zone,” and later in the films “Casino” and “The Hangover.”
Atomic Liquors has held down their corner of Fremont Street for over six decades, under the watchful eyes of the Sobchiks for most of that time. Joe and Stella were still in the house into their 90s, and in 2010, after they both passed away, their son Ron took over. A couple of years later the family sold to new owners, looking to keep the old haunt just as it had been back in those early Rat Pack days. The bar was restored to its original configuration, with the famous neon kept intact. You can still order up some Atomic cocktails–just hold the mushroom clouds."	Back in 1952, you could get a mushroom cloud chaser with your atomic cocktail.	"{""'The Mantis'"", 'Evel Pie', 'Big Rig Jig'}"	917 Fremont StreetLas Vegas, NevadaUnited States	36.1668	-115.1355	['hana', 'Collector of Experiences', 'Borbay', 'cirena', 'MsWise', 'paigeelizabeth3660', 'Collector of Experiences', 'Borbay', 'c\n\ncirena', 'MsWise', 'hana']	2016-11-30	"['B-1 Flat Top in Oak Ridge', 'Project Faultless Site', ""Russian Ambassador's Residence"", 'Woomera Range Complex']"		http://atomicvegas.com/
