placeName	placeTags	numPeopleVisited	numPeopleWant	placeDesc	placeShortDesc	placesNearby	placeAddress	placeAlt	placeLong	placeEditors	placePubDate	placeRelatedLists	placeRelatedPlaces	placeUrl
Attrap’Rêves Bubble Hotel	['bubbles', 'plastic', 'places to stay', 'hotels']	19	458	"“Living in a bubble” is typically associated with people sheltered from the perils of society, but in southeastern France, the concept is taken to a new, literal level. Every night, tourists in the Marseille area of France swap a conventional hotel with a transparent, climate-controlled bubble.
The Attrap’Rêves Bubble Hotel in Allauch, France features a field of plastic, soundproof pods in a forested environment, giving guests an unobstructed, 360-degree view of the surrounding nature. It’s the ultimate way to immerse yourself in the woods—from the luxury of a king-sized bed.
Each bubble is a mere 13 feet in diameter and costs just over $100 per night. The glorified fishbowls feature tables for two, electricity, showers, and scenic viewpoints in all directions. A silent wind-blower keeps the cozy cocoon inflated, and a telescope in each room lets lovers gaze at the stars. 
In addition to Allauch, Attrap’Rêves Bubble Hotels can be found in four other locations throughout southeastern France, all of which ask guests to sacrifice their personal privacy for a magical view."	Sleep in a climate-controlled plastic bubble for the night.	{'Cimetière Saint-Pierre', 'Le Jardin des Vestiges', 'Little World of Marcel Pagnol'}	Chemin de la RibassièreAllauchFrance	43.3256	5.4661	['lewblank', 'Vrielinkie']	2017-01-24	['Mount Washington Hotel', 'Book and Bed Hostel', 'Dotonbori Hotel Front Pillars', 'Ducal Palace of Lerma']		
