placeName	placeTags	numPeopleVisited	numPeopleWant	placeDesc	placeShortDesc	placesNearby	placeAddress	placeAlt	placeLong	placeEditors	placePubDate	placeRelatedLists	placeRelatedPlaces	placeUrl
Aurora Ice Museum	['ice castles', 'natural history', 'collections', 'statues', 'architectural oddities', 'museums and collections', 'architecture']	234	906	"Located at the Chena Hot Springs Resort, the Aurora Ice Museum is the world’s largest year-round ice environment.
You may be wondering just what this means exactly—it means jousting knights, polar bear bedrooms, a 2-story snowball fight structure, and perfectly chilled cocktails in icy martini glasses for visitors of age.
Champion ice carver Steve Brice has created a winter wonderland of ice sculptures depicting all sorts of crazy shenanigans for the polar region, including entire rooms built out of ice and the awkwardly fascinating “ice outhouse.” Igloos, spheres, a giant chess set, and a full-sized pair of knights jousting on horses are just a few of the amazing examples of Brice’s work. The entire place is lit up with ice chandeliers that splay the colors of the Aurora Borealis across the glimmering walls, and everything at the bar, from the glasses to the bar itself, are crafted from ice harvested locally and shaped for your delight.
The ambitious beginnings of the museum were to create an ice hotel, but it was decided that being a year-round ice environment was a lofty enough undertaking, and they scaled it down to a museum. Several tours are available throughout the day, and parkas are provided."	Mind-blowing carvings and fantasy ice scenes grace the largest year-round ice environment in the world.	{'Chatanika Gold Dredge #3', 'Lady of the Lake', 'Poker Flat Research Range'}	17600 Chena Hot Springs RdFairbanks, Alaska, 99712United States	65.0539	-146.0594	['Rachel', 'Mark Casey', 'drbroundtheworld', 'Martin']	2015-01-27	['Palais de Rumine', 'Mount Angel Abbey Museum', 'Architect of the Capitol Archival Warehouse', 'Moxie Bottle House']		https://chenahotsprings.com/icemuseum
