placeName	placeTags	numPeopleVisited	numPeopleWant	placeDesc	placeShortDesc	placesNearby	placeAddress	placeAlt	placeLong	placeEditors	placePubDate	placeRelatedLists	placeRelatedPlaces	placeUrl
Author's Ridge	['graves', 'gravestones', 'literature', 'cemeteries']	539	1008	"Nestled within the lovely expanse of Sleepy Hollow Cemetery in Concord, Massachusetts, is a little plot that is full of, as the name suggests, the graves of a staggering number of famous authors.
Author’s Ridge is a scenic little corner of the large cemetery, and is the final resting place of a laundry list of legendary authors and transcendentalists who once lived in the city of Concord. During the 19th century, Concord became a hot bed of forward-thinking transcendentalists who were eager to usher in a new age in American history. Many of the followers of the social movement would go on to pen some of the most indelible works of literature in the American canon. From Henry David Thoreau’s natural reflections in Walden, to the essays of Ralph Waldo Emerson, their progressive ideals would help shape the direction of national thought.
Then, of course, they died.
The list of names of famous authors who died while living in Concord is impressive. There are Thoreau and Emerson, but also Nathaniel Hawthorne, Louisa May Alcott and her family, and William Ellery Channing, all interred near one another.
Author’s Ridge is a popular pilgrimage site for lovers of literature. Literary explorers routinely leave pens, poems, and little notes around the graves of their favorite authors. As it turns out, the transcendentalists greatest achievement may have been to leave a mark on American literature that transcends even their death."	This small section of the Sleepy Hollow Cemetery is rotten with famous authors' graves.	{'Orchard House', 'The Wright Tavern', 'The Old Manse'}	34A Bedford StreetConcord, Massachusetts, 01742United States	42.4659	-71.3410	['st7n', 'robvelella', 'FWworldtraveler', 'spadaadjusting', 'kaemaki', 'e1savage']	2015-09-02	"[""George Orwell's Grave"", 'Mount Hope Cemetery', ""Mark Twain's Grave"", ""J.R.R. Tolkien's Grave""]"		
