placeName	placeTags	numPeopleVisited	numPeopleWant	placeDesc	placeShortDesc	placesNearby	placeAddress	placeAlt	placeLong	placeEditors	placePubDate	placeRelatedLists	placeRelatedPlaces	placeUrl
Auto Hawk	['cars', 'birds', 'sculptures', 'animals', 'art']	172	472	"In this enormous, eye-catching sculpture, scrapped car doors are transformed into the feathers of a mighty hawk. The striking piece is an artist’s tribute to Albuquerque.
The 24-foot-tall sculpture comprised of 30 colorful car doors stacked atop each other. The unusual artwork was erected in 2017 and created by former Albuquerquean Christopher Fennell, who now lives in Alabama.
Fennell created the piece as a representation of what Albuquerque meant to him. He loved hiking in the Sandia Mountains and watching the birds fly up and down the mountain. Its location is by the Greyhound bus station and next to a parking structure, so the theme of cars shines through as well.
The city of Albuquerque commissioned the piece for $75,000 coming from the city’s art tax. There is no plaque or information at the location identifying the piece or its creator, so be sure to have a sharp eye when looking for it!"	A sculpture of a flying hawk made from colorful car doors.	{'George Washington Turquoise Stone', 'KiMo Theatre', 'Telephone Pioneer Museum of New Mexico'}	331 1st St SWAlbuquerque, New MexicoUnited States	35.0815	-106.6485	['CorpseLady84', 'icatsstaci', 'cinemonk', 'Schiffty5', 'Collector of Experiences', 'Julio T']	2018-06-06	"[""'Diminish and Ascend'"", ""'Monument for a Dead Parrot'"", 'Great Auk Sculpture at Fogo Island', 'Hahn/Cock']"		
