placeName	placeTags	numPeopleVisited	numPeopleWant	placeDesc	placeShortDesc	placesNearby	placeAddress	placeAlt	placeLong	placeEditors	placePubDate	placeRelatedLists	placeRelatedPlaces	placeUrl
Avatar Hallelujah Mountain	['government', 'national parks', 'film locations', 'film', 'mountains', 'bridges']	135	926	"It wasn’t until 1982 that China created its first national park: Zhangjiajie National Forest Park. They couldn’t have chosen a better site—Zhangjiajie is famous for its 3,000 vertical pillars, each hundreds of feet tall and covered in dense green foliage. These pillars were formed by erosion and draw in upwards of 30 million tourists every year.
One of these pillars was named the “Southern Sky Column, ”and it stretched 3,544 feet into the air, the length of 78 school buses. In a strange turn of art imitating life imitating art, in 2010 the name was changed to “Avatar Hallelujah Mountain” after the highest-grossing film of all time, Avatar, used photographs of the pinnacle as inspiration for the floating Hallelujah Mountains of Pandora. This was part of a successful attempt to bring more tourists into the national park, using phrases like “Pandora is far but Zhangjiajie is near” and “discover the real world of Pandora.”
This, of course, was not all good news for the Chinese government. The state-run “China Film Group” was afraid that Avatar would inspire people to make connections between the plight of Pandora’s fictional “Na’vi” people, who were being displaced from their land for the purpose of economic expansion, and the plight of the millions of real Chinese civilians being evicted from their homes to serve the interests of urban developers. Hence, in a wildly controversial move, just 14 days after being released in China, Avatar was prematurely taken off of 1,628 2D screens.
Two weeks too late. By that point Avatar had already become China’s highest-grossing film of all time, and “Avatar Hallelujah Mountain” continues to be the name of the pinnacle, despite the government’s censorship efforts of the film.
The connection to Avatar has surged the popularity of Zhangjiajie. To cater to the more adventurous tourists in the area, a new attraction was built in the national park in 2015: the longest glass bridge in the world."	This vertical pinnacle in China was the inspiration for the floating mountains in the movie “Avatar.”	{'Tianmen Shan', 'Zhangjiajie Glass Bridge', 'Bailong Elevator'}	ZhangjiajieChina	29.3149	110.4331	['lewblank', 'Jacoblab1', 'Martessa']	2016-05-23	"['Western Town at Paramount Ranch', 'Bridge Street Bridge', 'Death Railway Bridge', 'Haohan Qiao — ""Brave Men\'s Bridge""']"		
