placeName	placeTags	numPeopleVisited	numPeopleWant	placeDesc	placeShortDesc	placesNearby	placeAddress	placeAlt	placeLong	placeEditors	placePubDate	placeRelatedLists	placeRelatedPlaces	placeUrl
Fuente de Tláloc	['peculiar fountains', 'fountains', 'outsider architecture', 'monuments', 'architectural oddities', 'architecture']	209	587	"Just five years before his death, Diego Rivera finished one of his most intriguing works, la Fuente de Tláloc. Although strikingly different in medium from most of his work, the massive tiled fountain beautifully captures the essence of Native Mexican spirit and art that is so often depicted in his paintings.
Known best for his murals, which he painted in Mexico, Europe and the United States, Rivera began a project in 1952 to improve the infrastructure of Mexico City, beginning with the municipal water system. Created at the head of the Lerma River leading out to the city’s reservoirs, Rivera created a massive tiled sculpture of the god of Rain, Tláloc, that spanned a pool 100 feet across.
Constructed lying on his back, water used to rush over the god Tláloc, until a pipe diverted the flow of water away from the fountain. Rivera’s work of art then slowly decayed until it was eventually closed off for over a decade at the turn of the century. Finally, in 2010, the fountain, murals and tile work of the Mexican master were restored and visitors began to visit the unique Fuente de Tláloc.
Along with the fountain, Rivera also built and decorated the Carcamo, a massive tank that diverted water through the fountain, and was used to control water levels. When the fountain was refinished, the Carcamo and its elegantly painted floors were touched up, letting Rivera’s work for Mexico City shine as a gallery and piece of artful infrastructure. The cost to enter the gallery is 35 pesos but the fountain is free to view."	Diego Rivera's massive tiled fountain and failed infrastructure project.	{'Museo Nacional de Cartografía', 'Los Pinos', 'Casa Gilardi'}	Av Rodolfo Neri Vela 95Mexico City, 11100Mexico	19.4128	-99.1983	['tonka922', 'hana', 'Molly McBride Jacobson', 'Monsieur Mictlan', 'rjhemedes', 'atimian', 'p\n\npatrickballou', 'Monsieur Mictlan', 'W\n\nWanderingGirl', 'Molly McBride Jacobson', 'hana', 'tseelie', 'rjhemedes', 'atimian']	2011-12-28	"['The Peace Fountain at Cathedral of St. John the Divine', 'The Kruševo Makedonium', 'New England Peace Pagoda', ""Hiroshima's Hypocenter""]"		http://www.architizer.com/en_us/blog/dyn/36400/diego-rivera/
