placeName	placeTags	numPeopleVisited	numPeopleWant	placeDesc	placeShortDesc	placesNearby	placeAddress	placeAlt	placeLong	placeEditors	placePubDate	placeRelatedLists	placeRelatedPlaces	placeUrl
B-17 Bomber Crash Site	['crash site', 'aircraft', 'hiking', 'world war ii', 'military']	113	949	"A moderate six-mile hike through the National Forest leads to a fascinating array of wreckage from a World War II-era B-17 bomber. Among a handful of other crash sites in Colorado, this one stands out for how well-preserved the pieces are, as well as the scavenger hunt of trail directions to get to the site.
On June 13, 1944, a B-17 bomber left its base in Rapid City, South Dakota, on a training flight. While the exact conditions causing the crash are not known, the area of northern Colorado where the wreck is located is notorious for challenging wind and weather patterns, and it was not uncommon at the time for young and inexperienced pilots to face these conditions.
The plane crashed into the mountainside, killing four out of the 10 men on board. While cleanup crews removed the plane’s fuselage and guns after the crash, a wide variety of engine and body pieces still remain, more than 70 years later. The debris ranges from nearly full engines to large sections of the wings.
The hike begins at the Flowers Trail trailhead inside the Jack’s Gulch campground, on Pingree Park Road. If Flowers Road is accessible you will be able to drive up the trailhead at the end of the road with a high clearance vehicle, otherwise, you will have to hike the old road into the trailhead. By following clues along the trail, and small green “B-17” tags marking the trees, you will eventually come across the wreckage site.
The hike ends where the trail approaches a steep slope of boulders and a clearing in the forest where you will see the debris. Have extreme caution on the boulder field, as jagged metal and rocks can cause injuries."	The wreckage of a World War II bomber is hidden high in the Colorado wilderness.	{'Gnome Road', 'Great Stupa of Dharmakaya', 'Birthplace of the American Board of Orthodontics'}	Jacks Gulch CampgroundPingree Park RoadBellvue, Colorado, 80512United States	40.6362	-105.5240	['DrStarfish', 'tahosa9250', 'babyruthless20', 'gscott', 'tylerschwirtz']	2018-06-01	"['Liberator III Crash Site', ""B-23 'Dragon Bomber' Wreckage"", 'B-24 Liberator Wreck at Gunung Telapak Buruk', ""Site of the Ni'ihau Incident""]"		
