placeName	placeTags	numPeopleVisited	numPeopleWant	placeDesc	placeShortDesc	placesNearby	placeAddress	placeAlt	placeLong	placeEditors	placePubDate	placeRelatedLists	placeRelatedPlaces	placeUrl
Baby Head Cemetery	['wild west', 'graveyards', 'cemeteries']	165	540	"Sitting near a mountain that once shared its bizarre name, the Baby Head Cemetery is the final remnant of an entire community that based its name on a grisly atrocity for some reason. 
As the story goes, it was sometime around the 1850s or 1870s, depending on who you talk to, that a group of American Indians, looking to scare off the encroaching white settlers, kidnapped a young girl from one of the families. The girl was supposedly killed and her head placed on a pike at the foot of what was almost instantly dubbed “Babyhead Mountain.” While the exact details of this tale differ, the name of the mountain stuck, and when a community began to grow in the area near the turn of the century, it too became known as Baby Head.
The tiny town of Baby Head grew to a respectable size, establishing a post office, a school, a courthouse, and multiple businesses. However, as time went on the seemingly promising community began to dwindle, dropping to a small rural settlement with a population of about 20 people. It is not known if this was the result of being named Baby Head. Eventually the name was abandoned and the remaining population was absorbed into the city of Llano, Texas.
Today the only remnant of the Baby Head settlement is this small cemetery which still bears the name, in possibly its grimmest association yet. The graveyard contains a few dozen graves, with some burials as recent as 2000. A historic marker has been placed at the edge of the cemetery, and it is not uncommon to see baby doll heads hanging from the sign."	This grimly-titled Texas cemetery is all that remains of a Wild West settlement with possibly the worst name.	"{""World's Largest Spur"", 'Old Bluffton Underwater Ghost Town', 'Enchanted Rock'}"	Baby Head CemeteryLlano, Texas, 78643United States	30.8876	-98.6561	['EricGrundhauser', 'megancvetech', 'chateauesque', 'ionaswitchblade', 'hollypromos', 'italyanastacia', 'b\n\nbrendabeggio', 'h\n\nhollypromos', 'megancvetech', 'i\n\nitalyanastacia', 'chateauesque', 'S\n\nSoozcat', 'i\n\nionaswitchblade']	2014-11-20	"['Henry Wickenburg Pioneer Cemetery', 'Silver City Cemetery', 'Ehrenberg Pioneer Cemetery', ""John Wesley Hardin's Grave""]"		
