placeName	placeTags	numPeopleVisited	numPeopleWant	placeDesc	placeShortDesc	placesNearby	placeAddress	placeAlt	placeLong	placeEditors	placePubDate	placeRelatedLists	placeRelatedPlaces	placeUrl
Babycastles	['venues', 'arcades', 'video games', 'retro-tech', 'design', 'music', 'museums and collections', 'art']	200	2243	"Is it an arcade? Is it an art gallery? Babycastles is actually both: This nonprofit focuses on exhibiting homemade arcade cabinets and custom-made art games. It’s a museum where you’re actually encouraged to not just touch, but actually play the exhibits.
The Babycastles art collective began in 2010, roaming between locations throughout New York but usually showcasing events and exhibits at Silent Barn in Brooklyn. After settling into a permanent Chelsea home in 2014, the collective could host musical performances as well as more frequent revolving art shows.
The concerts included all genres—lots of electronic and chiptune acts, but sometimes more obscure, self-proclaimed “nerdy” acts like The Doubleclicks too. It’s not just music either. The venue puts on poetry readings and live theater as well, like the immersive fantasy musical The Universe is a Small Hat. To top it off, Babycastles functions as a coworking space during daytime hours.
The art collective extends itself throughout the city in the form of pop-up installations called “Lil’ Babycastles.” They keep with the mission of promoting game culture, in all its mutations, through art and design.
This theme remains Babycastles’ bread and butter, with a popular game of the month lecture series and rotating exhibitions. The collective also does collaborations, like a Gaza-inspired exhibit done with Art Palestine International or a collection of games created by students at Parsons School of Design. Game themes have included sex, race, feminism, Islam, and more lighthearted subjects like roleplaying as a mechanic."	A DIY art gallery/music venue/lecture hall dedicated to video game culture.	"{'Camilo Egas Mural at the New School', ""Keith Haring's 'Once Upon a Time' Bathroom Mural"", 'Life Underground Sculptures'}"	145 W 14th StNew York, New York, 10011United States	40.7385	-73.9988	['lampbane', 'shu', 'Molly McBride Jacobson', 'omnikrll']	2017-04-19	['Ciderville Music Store', 'The Lyric', 'Healer', 'Museo Robert Brady']		http://babycastles.com
