placeName	placeTags	numPeopleVisited	numPeopleWant	placeDesc	placeShortDesc	placesNearby	placeAddress	placeAlt	placeLong	placeEditors	placePubDate	placeRelatedLists	placeRelatedPlaces	placeUrl
Bachelor's Grove Cemetery	['haunted', 'cemeteries', 'abandoned']	259	605	"Originally part of a small settlement that was established by four single men, the Bachelor’s Grove Cemetery was abandoned near the turn of the century and has since been robbed, broken, and made out in despite an ever growing portfolio of ghost stories and myths. 
The tiny, 82 plot graveyard was established around 1840 as part of a small and quickly defunct Illinois settlement. Settlers and Russian rail workers filled most of the plots, although by the 1920s rumors of gangland bodies being dumped on the grounds began to circulate. By the 1950s burials were no longer taking place on the grounds, but a whole lot of making out was as local teenagers used the overgrown cemetery as a party spot. The youth would break the headstones or steal them so regularly that most of the surrounding police stations eventually ended up with some piece of the cemetery.
Along with the teenagers came the ghost stories and soon the Bachelor’s Grove Cemetery was host to sightings of many of the usual suspects. A white lady, a black dog, and floating orbs were all reported and a semi-respectable study of the site was even conducted.
Starting in 2014 the Forest Preserve cleaned up the site. This included installing new portions of the fence and repairing the rest. It is now maintained. A landscaping service regularly mows the cemetery grounds, cleans up branches and removes garbage. 
Update as of November 2020: Many of the headstones have been damaged or removed."	A small abandoned and abused cemetery that has become a magnet for ghost hunters.	{'Pullman Historic District', 'Red Gate Woods', 'Lincoln Park Nursery Ruins'}	5874 W Midlothian TurnpikeMidlothian, Illinois, 60445United States	41.6325	-87.7661	['worldlywondersandcurios', 'MGD', 'rickdrew', 'abbjc5', 'tigjoyjackson']	2014-04-23	['Misnébalam', 'Sleight Family Graveyard', 'Forbes Mausoleum', 'Dowles Graveyard']		https://www.bachelorsgrove.com
