placeName	placeTags	numPeopleVisited	numPeopleWant	placeDesc	placeShortDesc	placesNearby	placeAddress	placeAlt	placeLong	placeEditors	placePubDate	placeRelatedLists	placeRelatedPlaces	placeUrl
Badwater Basin	['geographic markers', 'deserts', 'nature']	1126	1395	"Less than a hundred miles from the highest point in the contiguous United States, Badwater Basin in Death Valley holds the record as the lowest point in all of North America and is generally desolate save for the titular pool of salt water which is constantly evaporating. 
Smack in the middle of miles of treacherous salt flats, Badwater Basin is actually a fairly nondescript point a fair distance from the pool that gives it its name. The actual point sits at 282 feet below sea level at the end of a wooden pier that lets visitors come to the location without the danger of falling through the this layer of solid seeming ground into the mud beneath. A sign denotes the actual spot. 
The pool that gives the spot its name is a small body of water that sometimes seems as though it is not there when the level evaporates beneath the salty crust above. The salt content of the water makes it nearly toxic and gives the location its name. The cycle of evaporation in the low, hot site actually sees the fastest rate of evaporation in the nation. 
Low points aren’t usually popular tourist sites, but when you get to claim to be the lowest point in in the great US of A, it doesn’t matter if you are depressed or just a geography nut, its a site to see."	The lowest point in North America is home to an undrinkable pool surrounded by fields of geometric salt flats.	"{'Devils Golf Course Landscape', 'Wildrose Charcoal Kilns', ""Artist's Drive""}"	Inyo County, CaliforniaUnited States	36.2503	-116.8258	['sebastianopagani', 'Moun10Bike', 'AdamVanBavel', 'CoolCrab', 'lionofjudah738', 'baileymichael', 'l\n\nlionofjudah738', 'J\n\nJustin V', 'E\n\nEdnaDurango', 'AdamVanBavel', 'Wookiee Monster', 't\n\nthenoblewoman', 'F\n\nFindingbalance18', 'darabrown3237', 'Moun10Bike', 'CoolCrab', 'baileymichael', 'Avoiding Regret']	2014-12-26	"[""Devil's Throat"", 'Al Wathba Fossil Dunes', ""Guelta d'Archei"", 'Laws Spring']"		
