placeName	placeTags	numPeopleVisited	numPeopleWant	placeDesc	placeShortDesc	placesNearby	placeAddress	placeAlt	placeLong	placeEditors	placePubDate	placeRelatedLists	placeRelatedPlaces	placeUrl
"Bagger 258: The ""Blue Wonder"""	['retro-tech', 'instruments of science', 'ruins']	75	538	"Bagger 258 is a bucket wheel excavator, or “schaufelradbagger,” built by the heavy machinery company Lauchhammer. First put to use in East Germany in 1964, Bagger 258 was one of a series of such machines whose task was to assist in intensive mining operations.
This motorised excavator featured a total of 10 blades, cutting to a depth of 15m into the earth as it removed spoil from the layers of coal beneath. The buckets, each designed with a capacity of roughly 1.5m³, would also collect a thin layer of coal during the process. This was sifted mechanically and diverted to feed power stations
With a length of 171.5m and reaching a height of 50m, the 3850-tonne Bagger 258 rather resembles a factory; although this factory was mounted onto tank-like tracks and able to move at a speed of six metres per minute. It was powered by electricity, supplied through a cable.
Bagger 258 was abandoned in 2002, for no better reason than that it had simply run out of things to dig. By this point the behemoth was showing its age, and the cost of dismantling it wasn’t justified by the tired mechanisms on offer. Instead the area around Bagger 258 was replanted, and redeveloped as a solar park.
These days, Bagger 258 stands desolate in a field in Germany. Its blue paint job - now chipped and fading - had once earned it the nickname, “Blue Wonder.”
Check out the glossy report at for more images of this decayed industrial giant."	The industrial monstrosity known as Bagger 258 is a colossal mining machine built in the DDR - but now left for dead in a German field.	{'Gurkenmuseum (Cucumber Museum)', 'Fuhrlander Wind Turbine Laasow', 'Spreewitz Radio Tower'}	71 Lange StraßeSchipkau, 01968Germany	51.5315	13.9508	['Darmon Richter', 'hzoi', 'sylderon', 'Sebastian Wortys', 'ahvenas', 'Rachel', 's\n\nsylderon', 'honzahol', '1\n\n1lorr1e1', 'hzoi', 'Sebastian Wortys', 'ahvenas', 'Rachel']	2013-09-29	"['Marconi National Historic Site', 'El Caracol', ""Tesla's Wardenclyffe Laboratory"", 'Bighorn Medicine Wheel']"		
