placeName	placeTags	numPeopleVisited	numPeopleWant	placeDesc	placeShortDesc	placesNearby	placeAddress	placeAlt	placeLong	placeEditors	placePubDate	placeRelatedLists	placeRelatedPlaces	placeUrl
Bahá'í Temple	['temples', 'sacred spaces']	1520	1433	"Identifying himself as a messenger from God, Persian prophet Bahá’u’lláh founded the Bahá’í Faith in the mid 1800s. Bahá’u’lláh taught the oneness of the world’s religions, the equality of the races, and a coming age of world peace.
Today despite five to seven million followers of the faith spread throughout the world, there are only a handful of Bahá’í houses of worship in the world and only one in North America. Known by Bahá’ís as the “Mother Temple of the West” and formally as the “Bahá’í House of Worship for the North American Continent” and located near Chicago, Illinois, it is the largest and the oldest surviving Bahá’í temple in the world.
Construction began in 1921 and was completed in 1953, with a delay of several years during the Great Depression and World War II. The cladding is made of white portland cement concrete with both clear and white quartz aggregate. It has received numerous design awards, and is a prominent Chicago-area landmark. In 1978, it was added to the National Register of Historic Places and it has been designated as one of the Seven Wonders of Illinois.
This unique structure stands for unity and invites prayer. While each temple has its own distinctive design, they all conform to a consistent theme: An area of gardens encircles a nine-sided structure covered by a single majestic dome, symbolizing the unity of all people and religions.
So how did Illinois come to have one of the world’s only Bahá’í temples? The idea to build the place of worship originated by a group of Bahá’ís in Chicago in the early 1900s, around the same time the first House of Worship was being built in present-day Turkmenistan. Chicagoan Corinne Knight True had recently visited the leader of the religion, `Abdu’l-Bahá’, on a pilgrimage overseas. He was given the blessing to construct the place of worship, and advised to build it in a quiet area near Lake Michigan."	The only Bahá'í house of worship in North America and one of only a handful worldwide.	{'Little Northwestern', 'Evanston Garage Door Gallery', 'Grosse Point Lighthouse'}	100 Linden AveWilmette, Illinois, 60091United States	42.0744	-87.6842	['wittacious', 'ad7k', 'dacubsrule', 'Martin', 'robnasby', 'tesisedeno', 'r\n\nrobnasby', 'a\n\nad7k', 'D\n\nDomino VX', 's\n\nsmat218', 'amkbrenner', 'somavolta', 'tesisedeno', 'RBAR', 'M\n\nMartin', 'd\n\ndacubsrule', 'r\n\nrenkessler', 'Annetta Black']	2011-08-08	['Ulupō Heiau', 'Guiyuan Temple', 'Temple des Mille Bouddhas (Temple of One Thousand Buddhas)', 'Palsangjeon']		http://www.bahai.us/bahai-temple/
