placeName	placeTags	numPeopleVisited	numPeopleWant	placeDesc	placeShortDesc	placesNearby	placeAddress	placeAlt	placeLong	placeEditors	placePubDate	placeRelatedLists	placeRelatedPlaces	placeUrl
Bailey Art Museum	['science fiction', 'museums and collections', 'art', 'museums']	45	411	"Don’t go to Crockett, California’s Bailey Art Museum looking for the fine works of the Renaissance masters, because it is too busy with much more interesting works.
The brainchild of local artists Betty and Clayton Bailey, the museum is filled with his absurdist future creations. Clayton made his name creating “Funk” art and later “Nut” art works in ceramic and metal, many of his pieces using found objects. But unlike a number of artists who use found objects as an excuse to create junky contraptions, Bailey’s work tends towards a polished sheen. As though his cobbled together robots, most of which are the size of an adult human, are brand new. But even if they are new, they seem to hail from some cartoon otherverse.
His ceramic work is just as amazingly fanciful, taking for example the “Life Out of Mud” works that are sculpted to look like little homonculi under glass. other ceramic works include a Cyclops skull, and creepy aberrations that look like the leftovers from an H.P. Lovecraft exhibition.  
Much of his weird history output was created under his performative alter ego, Dr. George Gladstone, who first appeared on the scene in 1969. Gladstone’s name adorns a number of his more taxonomic works, such as the Bigfoot skeleton that was said to be found in his very own California town.
Bailey’s world is somewhere between a curiously grotesque Cronenberg-ian nightmare and the 1950s sheen of strange retro-futuristic robots. He brings both to life with equally fascinating effect.
Update July 2018: According to its website, the museum is closed until further notice."	Junkbots and mud babies are the masterpieces in this fantastically sci-fi art museum.	{'Wreckage of the S.S. Garden City', 'The Burlington Hotel', 'The Warehouse Cafe'}	325 Rolph AvenueCrockett, California, 94525United States	38.0555	-122.2197	['claytonbailey', 'hana', 'liz 7879d5c0', 'jjh51714', 'pleasantone', 'untilsuburbia', 'l\n\nliz 7879d5c0', 'u\n\nuntilsuburbia', 'j\n\njjh51714', 'p\n\npleasantone', 'hana', 'annakovach']	2015-09-01	['H.R. Giger Museum', 'French Shore Interpretation Centre', 'Museo del Barro (Museum of Clay)', 'Museo Pumapungo (Pumapungo Museum)']		http://www.claytonbailey.com
