placeName	placeTags	numPeopleVisited	numPeopleWant	placeDesc	placeShortDesc	placesNearby	placeAddress	placeAlt	placeLong	placeEditors	placePubDate	placeRelatedLists	placeRelatedPlaces	placeUrl
Balcony of Italy (Balcone d'Italia)	['panoramas', 'borders', 'hiking', 'forests', 'mountains', 'ecosystems', 'nature']	67	628	"Situated on the Swiss-Italian border in the Lugano Prealps, the mountain of Sighignola stands 4,311 feet (1,314 meters) above sea level, looming over Lake Lugano below. As far as national border markers go, it is one of the most astounding to behold, and the Italian National Trust has rated it as one of the most beautiful places in Italy.
Noted as a site of remarkable beauty, Sighignola’s renown comes from the panoramic terrace perched atop the mountain on the Italian side. The aptly named Balcone d’Italia, or Balcony of Italy, provides spectacular views of Lugano—the lake and the city— and the surrounding alpine landscape. 
The journey up to the terrace is in itself a chance to enjoy the picturesque forest scenery as you make your way up to the Balcony. The road to Sighignola on the Italian side winds its way up the mountain through pretty woodland and past the occasional rustic cabin.
The route is especially popular with both cyclists and motorcyclists. Hikers are likewise drawn to the Balcony and there several hiking paths up to summit coming from both sides of the border. Regardless of how you reach the promontory, though, it’s guaranteed that the panorama that greets you will be more than worth it."	The Sighignola summit on the Swiss border offers views so breathtaking it's been named one of the most beautiful places in Italy.	{'Tempio Voltiano', 'Scala del Paradiso', 'Roman Baths of Como'}	Unnamed RoadLanzo D'intelviItaly	45.9683	8.9918	['JamazingClayton', 'swsherwood']	2018-02-27	['Enchanted Forest', 'Wampahoofus Trail', 'Looking Glass Rock', 'Bat Bar in Lost Canyon Cave']		
