placeName	placeTags	numPeopleVisited	numPeopleWant	placeDesc	placeShortDesc	placesNearby	placeAddress	placeAlt	placeLong	placeEditors	placePubDate	placeRelatedLists	placeRelatedPlaces	placeUrl
Balmy Alley Murals	['street art', 'activism', 'alleyways', 'art outside', 'graffiti', 'murals', 'outsider art']	889	896	"In the heart of the Mission District lies the most concentrated collection of murals in San Francisco. Renowned for its political import and reverential maintenance, Balmy Alley has become a destination for appreciators of street art and political culture alike.
Springing from an area of the city with a well-founded history of political activism, the murals were first painted in 1972 by Maria Galivez and local children. Artists Patricia Rodriguez and Graciela Carrillo lived in an apartment nearby and soon added their own art to the walls. The work of this two-woman mural team, who referred to themselves as the Mujeres Muralistas, formed the foundation for Balmy Alley’s present-day incarnation, including referencing multiple Latin American countries and cultures within a single, unified visual aesthetic. Their two-woman operation grew into an artist collective made up of Latina women who created a number of murals across the Bay Area.
In the mid-1980s, the Balmy Alley murals morphed into a more organized and actively managed purpose. Ray Patlan convened a troupe of mural activists in 1984 to cover all the garage doors and fences running the length of the block with visual meditations on two interconnected themes: praise of indigenous Central American cultural heritage, and protest against the United States’ intervention in Central American affairs.
The group of muralists set about convincing (the mainly Latino) property owners of the viability of the idea, seeking permission to paint on pieces of their private property. After a few residents conceded the use of their back fences and gates allowing the community to experience what the finished project would resemble, Balmy Alley quickly gained momentum in the summer of 1985, during which time 27 murals were completed.
The experience of engaging with the murals in Balmy Alley is emblematic of their greater political purpose; as each mural seems more powerful for its proximity to the others than it would in isolation, the murals have the effect of mirroring a successful force of community activists.
These days Balmy Alley is a constant work in progress, with repairs from weather-related damages taking place at the same time as fresh murals are being painted atop the old. Further diversification of the topics represented in the murals has taken place, making any politicized subject fair game in addition to the original tropes of Latin American human rights."	Since 1973, this block has been home to the most concentrated collection of murals in San Francisco.	{'Peephole Cinema', 'Institute of Illegal Images', 'Winfield Street Slides'}	Balmy StreetSan Francisco, California, 94110United States	37.7508	-122.4123	['littlebrumble', 'mbison', 'Annetta Black', 'cguttery', 'James Ricci']	2009-12-16	"['Graffiti Alley', 'Fishbone Alley', ""Muelle's Graffiti"", 'Aldeia Artística (Artistic Village)']"		https://balmyalley.org/
