placeName	placeTags	numPeopleVisited	numPeopleWant	placeDesc	placeShortDesc	placesNearby	placeAddress	placeAlt	placeLong	placeEditors	placePubDate	placeRelatedLists	placeRelatedPlaces	placeUrl
Baltimore Basilica	['pope', 'basilicas', 'catacombs and crypts', 'religion', 'churches', 'sacred spaces', 'history']	482	474	"One of most historic houses of worship is the U.S. is also a masterpiece of American architecture. This National Historic Landmark includes a 75-foot dome whose design was directly influenced by an intervention from Thomas Jefferson.
The church’s original design was envisioned by America’s first bishop, John Carroll, and as planned by renowned architect Benjamin Henry Latrobe (who went on to design the U.S. Capitol). After the U.S. Constitution established full freedom of religion, Carroll made America’s first cathedral an unmistakable statement, choosing a design along the lines of other Neoclassical buildings that represented American freedom and democracy.
Built from 1806-1821, the Basilica reopened in November 2006 after a major restoration that returned the church to its original historic design. The newly restored basilica shows a grand porch of Greek Ionic columns, a low, copper-covered dome and walls made of a hard silver-grey local stone called “Ellicott City granite.”
As America’s first Catholic cathedral, the basilica has been the elder statesman of American Catholic history, hosting significant events and high profile visitors including Saint (Mother) Teresa of Kolkata and Pope St. John Paul II, who called the building “the worldwide symbol of religious freedom.”
The basilica offers daily free tours by docents. Make sure to visit the Pope John Paul II prayer garden, it features a statue of the Holy Father with two children, based on a photograph taken during John Paul’s visit to the basilica in 1995."	The design of this historic domed church was influenced by Thomas Jefferson and intended as a statement of religious freedom.	{'Ouija 7-Eleven', 'George Peabody Library', 'Nipper, the RCA Dog Statue'}	408 N Charles StBaltimore, MarylandUnited States	39.2944	-76.6162	['OrangeNJson', 'ghostfilm', 'sadbread99', 'thedude771', 'rtrevino1', 'Collector of Experiences', 'sadbread99', 'ghostfilm', 'Collector of Experiences', 'r\n\nrtrevino1', 't\n\nthedude771', 'Avoiding Regret']	2016-09-28	"[""King's Chapel Crypt"", 'Crypt of the São Paulo Cathedral', 'La Basilique Sainte-Marie-Madeleine', 'Santuario de Atotonilco']"		http://americasfirstcathedral.org/
