placeName	placeTags	numPeopleVisited	numPeopleWant	placeDesc	placeShortDesc	placesNearby	placeAddress	placeAlt	placeLong	placeEditors	placePubDate	placeRelatedLists	placeRelatedPlaces	placeUrl
Bancroft Castle	['hospitals', 'ghosts', 'haunted', 'castles', 'ruins']	270	963	"After a long career as a soldier, politician, and businessman, in 1906 General William Bancroft began building his lavish retirement home on the scenic Gibbet Hill in his hometown of Groton in Massachusetts. He even had a name in mind: Shawfieldmont. 
But Bancroft’s dream project only got as far as the bungalow and tower, when he ran out of money. He kept the property for 12 years, but then sold it to to Harold Ayers, a physician who converted the structure into a sanatorium. Through the 1920s, patients in the area suffering from ailments like tuberculosis who could afford to pay $20 a week reaped the benefits of the fresh air and treatments offered by the Groton Private Hospital, as Ayers named his facility. 
When the hospital closed down toward the end of the decade, the space segued from sanatorium to social center, where dances and other events were held by the Groton Hunt Club. The fox hunting-related festivities came to end when parts of the structure were burnt down after a firecracker accident on the Fourth of July, 1932.
Now part of a hiking trail, the castle ruins offer great views and a perfect dramatic backdrop for local photographers and cosplayers. As with any ruins in New England, combined with the local legend that the hill was used for hangings in the 1600s, there are plenty of ghost stories surrounding the hill, such as sightings of figures wearing colonial garb and sporting disembodied limbs."	On top of Gibbet Hill lie the ruins of a lavish turn-of-the-century estate that never quite came to be.	{'Harvard Shaker Lollipop Graveyard', 'Holy Hill of Zion', 'Sweetheart Memorial'}	145 Lowell RdGroton, Massachusetts, 01450United States	42.6085	-71.5598	['kensears37', 'drondinone', 'achesnais', 'JezebelGrace', 'glegg2011', 'keithlmoore', 'g\n\ngeminiwolf', 'TheDiscoveryService', 'JezebelGrace', 'achesnais', 'glegg2011', 'keithlmoore', 'John Corgi', 'ghostfilm', 'drondinone']	2017-06-02	['Dragsholm Castle', 'Georgetown Castle', 'Frangokastello Castle', 'Anoka State Hospital']		http://www.gibbethillgrill.com/wp-content/uploads/2015/05/gibbet-hill-history.pdf
