placeName	placeTags	numPeopleVisited	numPeopleWant	placeDesc	placeShortDesc	placesNearby	placeAddress	placeAlt	placeLong	placeEditors	placePubDate	placeRelatedLists	placeRelatedPlaces	placeUrl
Banff Springs Hotel	['places to stay', 'hotels', 'shops', 'architectural oddities', 'architecture']	1405	696	"A former Canadian Pacific Railway hotel built in the Scottish Baronial style, the Banff Springs Hotel has been called the Castle in the Rockies. Few other hotels in North America can rival its grandeur.
Tucked in Alberta’s Banff National Park, the hotel was built between 1887 and 1888 and opened to the public that year. At the time, though, the hotel looked almost nothing like it does today. The original 1888 structure was clad in shingles with stone accents, and featured a dormers, turrets, and roof lines. The building, in a sense, was a $250,000 mistake; the builder goofed and changed the intended orientation of the building, turning its back on the mountain vista.
A major overhaul in 1906 began with the construction of the Painter Tower, named after chief architect Walter Painter, which was the tallest building in Canada upon completion. The eleven story tower, made of concrete and stone, was filled with 300 guest rooms and flanked by two large wings that were added later. The renovations weren’t completed until 1928.
A UNESCO World Heritage site, the Banff Springs Hotel is currently operated and owned by Fairmont Hotels and Resorts. As it is within walking distance of Banff and, though it offers championship golf courses, the primary recreational attractions are winter-based, the hotel was weatherized in 1968 and has been open year-round ever since.
The world renowned skiing continues to draw visitors, but the hotel’s grand spa is also a major attraction. Solace Spa offers separate dressing and shower areas, private massage rooms, whirlpools, and aromatherapy saunas. All of those amenities are complemented by waterfalls, a salt-water pool, and other fresh-water pools of various sizes and temperatures."	Few other hotels can rival the grandeur of the Castle in the Rockies.	{'Grizzly House', 'Cave and Basin National Historic Site', 'Banff Merman'}	405 Spray Ave.P.O. Box 960Banff, Alberta, T0LCanada	51.1644	-115.5619	['Nicholas Jackson', 'Vicki Arkoff', 'tylercole', 'traveltalesoflife']	2010-09-16	['Icehotel', 'Banphasawan', 'Rock It Suda', 'Dasparkhotel']		http://www.fairmont.com/banffsprings/
