placeName	placeTags	numPeopleVisited	numPeopleWant	placeDesc	placeShortDesc	placesNearby	placeAddress	placeAlt	placeLong	placeEditors	placePubDate	placeRelatedLists	placeRelatedPlaces	placeUrl
Bangkok's Ghost Tower: The Sathorn Unique	['mystery spots and gravity hills', 'disaster areas', 'ghost towns', 'outsider architecture']	175	454	"The Sathorn Unique skyscraper is among the major construction projects started when Thailand’s economy was booming in the 1990s. Developers envisaged a city of gleaming offices and residential skyscrapers that were to be a testament to the nation’s rapid development.
Then Thailand sank into a swamp of reckless investments and unpaid debts that became known as the 1997 Asian Financial Crisis. The country’s economy contracted 10% in 1998 and many of the building projects came to a crashing halt, including this 49-story tower. Many towers have finally come to completion and construction is continuing, however many broke developers are still unable or unwilling to take action.
The Sathorn Unique has an eerie feel, with exposed infrastructure giving it a post-apocalyptic look. According to one blogger, abandoned rooms were filled with curious objects, from mannequins to a picture of the King. Locals say that the building is haunted.
Have a look at the building’s commercial brochure:
“Sathorn Unique Tower is our first residential project in downtown Bangkok. The tower is 49 stories with the total of 659 residential units and 54 retails, located only less than 200 meters from BTS: Taksin station. Sathorn Unique Tower is also located at the edge of old commercial town of Charernkrung meets the new international business zone of Silom-Sathorn roads. It sits on the horse-shoe bend which is considered the best place for overlook at the Bangkok’s grand cityscape and the charm of the Chaopraya River.”
Getting to the top terrace of the building is possible, but it is absolutely not a good idea, and the structure is fragile and bares many holes in the floors. Instead, check out the tower’s 10-storey high car park, just opposite to the building (North side of the tower). 
Adapted with permission from Exploguide.com dedicated to travelers looking for alternative and off the beaten track travel."	On stormy days debris from this unfinished and abandoned skyscraper rains down on the Bangkok streets.	"{'Robot Building', ""Jok's Kitchen"", 'Queen Saovabha Memorial Institute'}"	Soi Yan NawaBangkok, 10120Thailand	13.7173	100.5153	['katiebaker4', 'chitharanjandas', 'midwaymerc', 'sbarry6', 'Max Cortesi', 'Shinnam', 'm\n\nmidwaymerc', 'nyukleng', 'sbarry6', 'S\n\nShinnam', 'Max Cortesi', 'chitharanjandas', 'R\n\nRob', 'vturiserra', 'scamb66', 'Rachel']	2012-06-15	"[""Hiroshima's Hypocenter"", ""'Monument of the Third Angel'"", 'Zone Rouge', 'Abandoned City of Pripyat']"		http://www.facebook.com/exploringtheobscure
