placeName	placeTags	numPeopleVisited	numPeopleWant	placeDesc	placeShortDesc	placesNearby	placeAddress	placeAlt	placeLong	placeEditors	placePubDate	placeRelatedLists	placeRelatedPlaces	placeUrl
BAPS Shri Swaminarayan Mandir Atlanta	['hinduism', 'temples', 'architectural oddities', 'architecture']	379	1188	"Built from thousands of pre-carved pieces of stone by hand in India, the BAPS Shri Swaminarayan Mandir Atlanta is the largest Hindu temple in the U.S., and indeed the largest temple of its kind outside of India.  
Opened in August of 2007, the majestic Atlanta mandir (temple or Hindu place of worship) is actually part of a network of traditional Hindu temples built across the world. The stones used in the making of these temples were carved in India, and simply shipped off to be put together on site like a giant Lego set. The mandir is built out of over 34,000 individual pieces of Italian Carrara marble, Turkish limestone, and Indian pink sandstone. Before being sent to the states, artisans etched surreal intricate designs, reliefs, and statues into the rock, so it was ready to go by the time it made it to American shores. Even more surprisingly, the temple was put together using a workforce of volunteers who donated over a million cumulative man hours.
Once completed the mandir now contains five tall pinnacles, 86 decorative ceilings, 116 archways, and 340 columns. The tallest of the pinnacles reaches an impressive 75 feet into the air, making it stand out majestically on its 30 acres. 
In addition to all of its other size-related superlatives, the BAPS Shri Swaminarayan Mandir Atlanta, which is actually located in a city near Atlanta known as Lilburn, is the tallest structure in the city. The temple is open to the public for both worship and architectural appreciation."	This intricate Hindu temple is the largest of its kind outside of India itself and was constructed like a giant puzzle.	{'Mechanical Riverfront Kingdom on Druid Hill', 'Atlanta White House', 'Collectible and Antique Chair Gallery'}	362-474 Rockbridge Rd NWLilburn, Georgia, 30047United States	33.8850	-84.1646	['pyynk', 'leslipeterson', 'relizh', 'chrisbacke', 'Patron Editor', 'parv4', 'P\n\nPatron Editor', 'michaelmm', 'mthurman52', 'p\n\nparv4', 'u\n\nurkey', 'm\n\nmysyncedfiles', 'relizh', 'l\n\nleslipeterson', 'chrisbacke']	2014-05-30	['Hindu Temple of Florida', 'Trishund Ganpati Temple', 'Prambanan', 'Myouryuji (Ninja Temple)']		http://www.baps.org/Global-Network/North-America/Atlanta/Visitor-Info.aspx
