placeName	placeTags	numPeopleVisited	numPeopleWant	placeDesc	placeShortDesc	placesNearby	placeAddress	placeAlt	placeLong	placeEditors	placePubDate	placeRelatedLists	placeRelatedPlaces	placeUrl
Barber Marina	['dinosaurs', 'sculptures', 'statues', 'animals']	173	635	"George W. Barber apparently likes sculpture, whether kitschy or fine. His marina, on some 800 acres on the peninsula between Wolf Bay and Ingram Bayou, is full of much more than boats.
The entrance road to the marina yields its surprises slowly. First, there’s what looks like a classical Roman goddess surrounded by Corinthian columns next to a large pond, visible through a cut in the pine forest. Then there’s a fiberglass replica of Stonehenge nestled in a small clearing in the pines. Then four dinosaurs in the pines. 
The reveals continue. Barber Parkway ends, and you turn right onto Neptune Boulevard, which leads to a traffic circle surrounding a beautiful, authentic Italian Renaissance fountain surmounted with a statue of Neptune.
As you continue toward the marina, now visible, watch out for knights and replica Chinese terra cotta warriors standing guard, a huge spider, and four bronze Atlantean sea horses. Park and walk to the yacht basin.
Update as of May 2021: The Lady in the Lake statue can no longer be found at the Marina, as it was severely damaged in a storm."	Come for the boats, stay to explore the intriguing assortment of art.	{'Bamahenge', 'Holmes Medical Museum', 'Tarkiln Bayou Preserve State Park'}	Barber Marina26986 Fish trap Rd.Elberta, AlabamaUnited States	30.3140	-87.5679	['thudson3055', 'd0llyxx', 'karenjernigankj', 'Rachel Preskitt', 'bobrenner38', 'clintgassman', 'd0llyxx', 'c\n\nclintgassman', 'k\n\nkellygassman360', 'AdventureBro', 'P\n\nPhyre31', 'k\n\nkarenjernigankj', 'Rachel Preskitt', 'b\n\nbobrenner38']	2019-09-20	"[""Brookfield Zoo's Sinclair Dinosaur"", 'Big Blue Bear', ""'Der Hase'"", 'Patsy Ann Statue']"		https://www.barbermarina.com/About-Us
