placeName	placeTags	numPeopleVisited	numPeopleWant	placeDesc	placeShortDesc	placesNearby	placeAddress	placeAlt	placeLong	placeEditors	placePubDate	placeRelatedLists	placeRelatedPlaces	placeUrl
Barbie Beach	['dolls', 'toys', 'beaches', 'roadside attractions', 'outsider art']	202	561	"There’s a strange, unexpected roadside attraction hiding within a tiny Georgia town. Drive along the highway through Turin, and it won’t be long before you come across a (mostly) nude Barbie beach.
The naked Barbie and Ken dolls have been lounging around in a six-by-four-foot stretch of sand for more than a decade. They’re arranged in an ever-changing display that matches various current events, like the Final Four playoffs, the Olympics, and even a royal wedding.
Barbie Beach is the brainchild of Steve and Linda Quick, two longtime Turin locals. They created their first sandy scene in celebration of the 2006 Winter Olympics, which just so happened to take place in Turin, Italy.
The Quicks have been, well, quick to keep the tradition strong ever since. They maintain a patch of their front lawn as Barbie Beach not just for their own amusement, but to add a touch of whimsical delight to the community. While some residents find it tacky, it’s become a charming, carefree part of Turin. When the producers of The Walking Dead (which was filmed in the same county) saw Barbie Beach, they were inspired to gift the owners with several zombie Barbies."	"This ever-changing arrangement of naked dolls even caught the attention of ""The Walking Dead"" crew."	"{'Red Oak Creek Covered Bridge', 'Senoia Main Street', ""Elvis Carden's Guitar House""}"	4397-4679 GA-16Senoia, GeorgiaUnited States	33.3285	-84.6417	['freetomato', 'curtistalls', 'jessemiers', 'AdventureBro']	2018-07-19	"['Sunvale Village', 'Apple Valley Hillbilly Garden and Toyland', 'Barbie Pond on Avenue Q', ""Doll's Head Trail""]"		
