placeName	placeTags	numPeopleVisited	numPeopleWant	placeDesc	placeShortDesc	placesNearby	placeAddress	placeAlt	placeLong	placeEditors	placePubDate	placeRelatedLists	placeRelatedPlaces	placeUrl
Barthman's Sidewalk Clock	['aletrail', 'clocks', 'roadside attractions']	435	980	"At the dawn of the 20th century it didn’t take as much effort to garner the attention of the buying public as it does today, but the core principle remains the same: novelty. The titular owner of William Barthman Jeweler had a clear grasp of this concept when he and an associate installed a working clock into the sidewalk outside their store.
Barthman, along with one of his employees, Frank Homm, created the timepiece in 1896, but not as it exists today. The original clock was a mechanical jump hour clock with the numbered tablets that would flip over on the hour. It also had a little light bulb that would illuminate the clock at night. In the beginning, as passersby trampled across the clock face it was met with surprise and delight by turn-of-the-century shoppers. Unfortunately the fatal flaw of the original contraption was that it was custom designed by Barthman and Homm, and they were the only ones who knew how to fix it. Thus when the clock began to malfunction in later years, the attraction became an embarrassment, and the operators of Barthman’s store would cover it with cardboard each day to hide their shame.
Unable to make the clock work with Homm’s special touch (Homm passed away in 1917), the only solution they could come up with was to replace the clock entirely. The new clock was a more traditional analog dial, ringed with a classy brass compass rose. With the installation of the new clock, and the lucky popularity of a photographer’s snapshot of the clock, the sidewalk novelty that had vexed them for years had once again become a popular feature for Barthman’s. 
The sidewalk clock still sits outside of Barthman’s on the corner of Broadway and Maiden Lane in lower Manhattan, just as it has for a century. It is estimated that over 50,000 people walk over the timepiece each day, not once stopping to ask the time.  
Update January 2019: Barthman’s Manhattan location is relocating but the clock remains and is now visible again.
Update April 2021: Barthman’s Manhattan location has relocated to 20 Broad St, but the clock is still in it’s original location."	A clock set into the concrete outside a Manhattan jeweler has been telling time underfoot for over a century.	{'The John Street Methodist Church', 'New York Federal Gold Vault', 'The Double Check Businessman'}	176 BroadwayNew York, New YorkUnited States	40.7098	-74.0095	['EricGrundhauser', 'epfromer', 'SEANETTA', 'edmaldonado629', 'MAGNETs', 'Helen Rose', 'H\n\nHelen Rose', 'e\n\nedmaldonado629', 'c\n\ncait7911', 'r\n\nreunionswamphen', 'e\n\nepfromer', 's\n\nscottakantor', 'M\n\nMAGNETs', 'SEANETTA', 'hana']	2014-11-20	"[""Gebr. Stern GmbH's Giant Cuckoo Clock"", 'Union Station Lamp Post Clock', 'Foucault Pendulum at the Franklin Institute', 'Bromo-Seltzer Arts Tower']"		https://www.williambarthman.com/index.php?file=pages&page_id=sidewalk_clock
