placeName	placeTags	numPeopleVisited	numPeopleWant	placeDesc	placeShortDesc	placesNearby	placeAddress	placeAlt	placeLong	placeEditors	placePubDate	placeRelatedLists	placeRelatedPlaces	placeUrl
Basilica of Saints Justus and Pastor	['duels', 'paganism', 'mythology', 'saints', 'christianity', 'roman', 'churches', 'sacred spaces']	270	520	"The Basilica of the Martyr Saints Justus and Pastor may be the oldest church in Barcelona. The current Gothic structure was built around 1342, but it’s believed that a Christian church has sat on this site since 300 CE, and that even before that it was a place of pagan worship.
It’s believed this ancient church may have originally been a shrine to Castor and Pollux, twin figures of Greco-Roman mythology. As Barcelona became a Catholic city over the centuries, the twins may have evolved into or been conflated with Justus and Pastor, two Christian boys beheaded by the Roman Emperor Diocletian for refusing to deny their faith in 304 CE.
The relics of the boy martyrs are now venerated at the Barcelona basilica, which is offered up to them and “La Moreneta,” the Black Madonna. She is the patron saint of Catalonia, and is also believed by some to be based on an ancient source, the Egyptian goddess Isis.
The clashing architectural styles of the church are a result of its long history. Romanesque, Gothic, Renaissance, Baroque, and Neolassical elements all mingle to create a unique atmosphere outside of time and place. It was promoted to the rank of minor basilica by Pope Pius XII in 1946. 
Interestingly, the Basilica also held significant political power. After retaking Barcelona from the Moors in 801, King Louis the Pious declared that a last will and testament made by any king inside the church was a legally binding document. This was later extended to anyone inside the church, and was not repealed until 1991. Combatants preparing to duel would also swear on a Bible in the basilica that they would fight fairly. If one of the fighters was Jewish (as much of the city’s population was at one point), the church provided a copy of the Ten Commandments for them to swear upon."	Possibly the oldest church in Barcelona, this basilica has its pagan and Christian mythologies all mixed up.	"{'Museu Frederic Marès', ""Inquisition's Blazon"", 'Columns of the Temple of Augustus'}"	Plaça Sant Just i Pastor 1BarcelonaSpain	41.3828	2.1782	['FelipeTrigo', 'Molly McBride Jacobson', 'Xavixavir']	2017-02-13	"['Santuario di Greccio (Sanctuary of Grecci)', ""Sarcophagi of the Basilica of Sant'Apollinare in Classe"", 'Relics of St. Valentine at Iglesia de San Antón', 'Sanctuary of Santa Vittoria']"		http://basilicasantjust.cat/
