placeName	placeTags	numPeopleVisited	numPeopleWant	placeDesc	placeShortDesc	placesNearby	placeAddress	placeAlt	placeLong	placeEditors	placePubDate	placeRelatedLists	placeRelatedPlaces	placeUrl
Basilica of the Holy Blood	['relics', 'relics and reliquaries', 'sacred spaces']	757	511	"The Basilica of the Holy Blood (Basiliek van het Heilig Bloed) is a 12th century chapel, in the medieval town of Bruges, Belgium, which houses a revered vial containing cloth stained with the actual blood of Christ. Or so it is believed.
While the chapel itself is a beautiful site, it is the blood and its accompanying story that attracts visitors, from the devoutly religious to the deeply skeptical to those just curious to know what the fuss is all about.
It is popular legend that following the Crucifixion, Joseph of Arimathea wiped blood from the body of Christ and the cloth was preserved. The artifact was kept safe in the Holy Land until the time of the Second Crusade when King of Jerusalem Baldwin III gave it to his brother-in-law, Count of Flanders Diederik van de Elzas. The Count then took the relic back to Bruges where it sits in the upper chapel of the Basilica, still unopened to this day. The vial itself is a marvel, adorned with gold and enclosed at each end by coronets decorated with angels. The chapel is open daily to visitors who wish to view the relic.
On Ascension Day, a festival known as the Procession of the Holy Blood attracts residents and tourists alike. It is on this day that the Bishop of Bruges carries the cherished vial through the streets preceded by residents performing an historic reenactment of the relic’s arrival and acting out other biblical scenes. The first recorded procession took place in 1291, and some 718 years later, it is still happening."	Christ's blood preserved in a Belgian town.	{'The Lucifernum', 'The Procession of the Holy Blood', 'Torture Museum Bruges'}	Burg 10Bruges, 8000Belgium	51.2089	3.2272	['Raphi Gottesman', 'notoriousFIG', 'philoursmars', 'ndgreco', 'Collector of Experiences', 'marjolein', 'g\n\ngoldylocks', 'esotericroots', 'ndgreco', 'Collector of Experiences', 'notoriousFIG', 'albertedelman', 'm\n\nmarjolein', 'philoursmars', 'Rachel', 'S\n\nSylvester', 'm\n\nmbison', 'Annetta Black']	2012-06-24	"['Lipsanothecae of the Chapel of Saint Francesco de Geronimo', 'The Arm of St. Thomas Aquinas', ""St. Oliver Plunkett's Head"", 'Saint Catherine Russian Orthodox Church']"		
