placeName	placeTags	numPeopleVisited	numPeopleWant	placeDesc	placeShortDesc	placesNearby	placeAddress	placeAlt	placeLong	placeEditors	placePubDate	placeRelatedLists	placeRelatedPlaces	placeUrl
Basilica of the National Shrine of the Immaculate Conception	['obscura day locations', 'shrines', 'sacred spaces', 'architectural oddities', 'architecture']	1151	715	"The prominent Latin Rite Catholic basilica honors the Blessed Virgin Mary under her title of the Immaculate Conception as the Patroness of the United States. It is the tallest building in Washington, D.C. based on elevation, and houses 70 different chapels honoring the Virgin Mary and the cultures, people, and traditions behind the Roman Catholic faith. In addition to being the tallest building in D.C., the Basilica of the National Shrine is also the eighth largest religious structure anywhere in the world.
Pope Pius X himself personally contributed $400 to support the beginnings of the project back in 1913. Construction didn’t start until seven years later in 1920 and the church opened - unfinished - in 1959.
It is estimated that one million pilgrims visit the basilica each year from around the world to admire the Neo-Byzantine architecture and mosaics. Another draw for the pilgrims is the collection of contemporary ecclesiastical art housed inside of the Basilica; it is the largest such collection on earth.
The church is often confused with the Washington National Cathedral, another prominent church in the Washington, D.C., area. The National Cathedral, though, is an Episcopal church chartered by Congress years ago as the National House of Prayer.
Obscura Day location: April 9, 2011."	Largest Roman Catholic church in North America.	"{'Harewood Lodge', 'Brooks Mansion', ""Mary's Garden""}"	400 Michigan Ave.Washington, District of Columbia, 20017United States	38.9335	-77.0007	['AllisonEng', 'Michael Barera', 'LeahC', 'Nicholas Jackson']	2011-03-13	['The Light Of Truth Universal Shrine (LOTUS)', 'Tengzug Shrine', 'Santuario di Santa Rosalia', 'Catacombs of San Gennaro']		http://www.nationalshrine.com/site/c.osJRKVPBJnH/b.4719297/k.BF65/Home.htm
