placeName	placeTags	numPeopleVisited	numPeopleWant	placeDesc	placeShortDesc	placesNearby	placeAddress	placeAlt	placeLong	placeEditors	placePubDate	placeRelatedLists	placeRelatedPlaces	placeUrl
Basilica di San Clemente	['subterranean sites']	707	850	"A stately church that holds its own in a city packed with places of worship, the Basilica di San Clemente holds layers of surprises beneath its marble floors.
Below this “modern” 1120 church is the original basilica, which dates back to 392 AD. This original, known as the “first basilica” was rediscovered in the 1860s during excavations. This long-sealed first basilica holds the world’s second largest collection of early Medieval wall paintings.
One layer further into the earth are the remnants of a first century Roman villa that served as both an early site of clandestine Christian worship that also contains a Mithraic temple and a babbling stream.
Update July, 2017: Restoration work  is obscuring a good portion of the modern basilica’s interior."	A Nesting Doll of Churches.	{'Ludus Magnus', 'Basilica of Santi Quattro Coronati', 'Sisinnius Fresco in the Basilica San Clemente'}	Via Labicana, 95Rome, 00184Italy	41.8899	12.4974	['harrisj', 'michelle', 'Door', 'seba7280', 'Annetta Black', 'jillstug', 'seba7280', 'Lauren Levesque', 'D\n\nDoor', 'jillstug', 'Annetta Black', 'michelle']	2009-06-18	['Nagcarlan Underground Cemetery', '76th Street Subway Station', 'Grotta del Fico', 'Gallery delle Fontane']		http://www.basilicasanclemente.com/
