placeName	placeTags	numPeopleVisited	numPeopleWant	placeDesc	placeShortDesc	placesNearby	placeAddress	placeAlt	placeLong	placeEditors	placePubDate	placeRelatedLists	placeRelatedPlaces	placeUrl
Bathtub Spring	['spring', 'farms', 'hidden', 'water']	62	465	"Alongside a country road in Wisconsin’s rural Star Valley, cool, clear spring water bubbles into a lichen-covered bathtub. Anyone is welcome to drink from it (at their own risk).
The spring used to be property of the Swiggum Farm, which used it to chill milk before transporting it to a creamery the next day. The family drank from it too—the farm didn’t have running water until the mid-20th century, but it was no matter because their own personal spring was always bubbling. Drivers would stop to fill their jugs with water. Once or twice strangers even stored six packs of beer overnight alongside the Swiggums’ milk. 
Sometime after the Swiggums sold the farm, a mysterious someone stuck a pipe into the hillside spring and hauled an old fashioned porcelain tub out to collect the spring water. There are even two tin cups on a chain for those in need of refreshment. 
No one knows who placed the mysterious bathtub here. The original tub sank into the boggy ground, but was replaced by another. The water is reported to taste sweet and slightly mineral. The government declared it unsafe to drink from, but that doesn’t stop the many thirsty passersby who stop to swig from the bathtub spring. They point to Pearl Swiggum, former owner of the neighboring farm and a columnist for the Wisconsin State Journal, who famously lived to the ripe age of 101, drinking spring water for most of her life."	A roadside spring pooling in an old bathtub where anyone can stop and sip.	"{""World's Largest Six-Pack"", 'A.D. German Warehouse', 'The Painted Forest'}"	51465 Co Rd CSoldiers Grove, WisconsinUnited States	43.3899	-90.8861	['LaLoba', 'Molly McBride Jacobson', 'rubeodos', 'MagnumPI']	2017-05-09	['Mammoth Spring', 'Round Spring', 'Big Spring', 'Fontaine Intermittente de Fontestorbes']		
