placeName	placeTags	numPeopleVisited	numPeopleWant	placeDesc	placeShortDesc	placesNearby	placeAddress	placeAlt	placeLong	placeEditors	placePubDate	placeRelatedLists	placeRelatedPlaces	placeUrl
Battersea Power Station	['power stations', 'industrial', 'music', 'abandoned']	1348	867	"The massive Battersea Power Station once generated power for a large portion of London, but now the abandoned complex just provides headaches for developers.
Construction on the gigantic building began in 1929 after a great deal of public outcry. The community surrounding the massive build site was concerned that the proposed power station would simply become a smoke-belching eyesore. These concerns were addressed with the installation of a scrubbing system which removed a great deal of the polluting smoke from the emissions, and the appearance of the building was given over to a famed industrial designer. This focus on the complex’s design led to the famed Art Deco lines and unmistakable quartet of white smokestacks which make up the exterior of the building. Structurally, the station was built as two identical coal-burning facilities fashioned in the “brick cathedral” style. In fact, the power station remains the largest brick building in England.
The coal-powered stations provided the city of London with power for over 30 years, but by 1983, both of the facilities had ceased operation and the complex was abandoned. With the building idle, talk of demolishing the site quickly began. Luckily, the power station had become an icon in pop culture thanks to its prominent appearance in a number of media from the Beatles film Help! to the cover of Pink Floyd’s album Animals. With the culture’s eye on the site, it was able to escape destruction a number of times over the years as the building passed from owner to owner, the target of countless projects which would never see completion. Each new owner had a new vision for the abandoned complex from converting it into a theme park to building an eco-dome within its walls, but each and every one ran into some difficulty.
Currently the site is owned by a group of investors who are turning the empty complex into housing units, offices (including Apple’s headquarters), shops, and restaurants. 
The Battersea Power Station was also recently recognized by the World Monuments Fund as a site in need of protection and this, hopefully, will power some progress in any revitalization efforts."	Pop culture has helped to keep this iconic British building from being destroyed.	{'Brown Dog Statue', 'Chelsea Physic Garden', '575 Wandsworth Road'}	188 Kirtling StLondon, England, SW8United Kingdom	51.4817	-0.1446	['EricGrundhauser', 'lwhermenau', 'Luis Morato', 'mawawi9806', 'gmgalasso61', 'jooniur', 'l\n\nlwhermenau', 'm\n\nmawawi9806', 'jooniur', 'X\n\nXoan', 'Luis Morato', 'f\n\nfrankienerini', 'M\n\nMartin', 'gmgalasso61', 'Rachel']	2013-11-05	"['Tres Xemeneies (Three Chimneys)', 'Zesco Cooling Tower', ""'Jumping Jack' Power Plant"", 'Guignard Brick Works']"		http://www.batterseapowerstation.co.uk/
