placeName	placeTags	numPeopleVisited	numPeopleWant	placeDesc	placeShortDesc	placesNearby	placeAddress	placeAlt	placeLong	placeEditors	placePubDate	placeRelatedLists	placeRelatedPlaces	placeUrl
Bay Area Thelemic Temple	['secret society', 'cults', 'occult', 'magic', 'secret', 'hidden', 'churches', 'sacred spaces']	49	557	"Located behind a nondescript modern storefront, the Bay Area Thelemic Temple keeps alive the secretive traditions of the Ordo Templi Orientis. 
The Ordo Templi Orientis or “Order of the Temple of the East” is a secretive religious organization founded by Carl Kellner in the early 1900s to act as a sort of masonic organization and later refined by famed occultist Aleister Crowley. Hundreds of the order’s temples can be found around the world, but actually obtaining their addresses can be tricky. Most temples like to remain anonymous to the general population, locating themselves behind innocuous exteriors.
The Bay Area Temple is a smaller space, but less hidden. They still hold magical ritual rites such as a Gnostic Mass and can assist interested individuals with steps on initiation through the order’s mysteries. Initiation rites are highly secretive, as well as their practices, but it is rumored that members of the OTO practice astral projection and perform rituals to invoke angels and demons. 
However despite the groups secretive nature, the Bay Area Thelemic Temple is surprisingly inviting."	A temple devoted to inner esoteric mysteries located in a California commercial strip.	"{'Kaiser Convention Center', 'Gnomes of Lake Merritt', ""Heinold's First and Last Chance Saloon""}"	77 8th StOakland, California, 94607United States	37.7965	-122.2651	['cinapelayo', 'Martin', 'Rachel', 'josephboyle']	2013-10-28	['Eremo di Poggio Conte (Poggio Conte Hermitage)', 'The Indecent Little Man on the Church of St. James', 'Our Lord in the Attic', 'Rosicrucian Pyramids of Bucks County']		http://blazingstar-oto.org/about-us/bay-area-thelemic-temple/
