placeName	placeTags	numPeopleVisited	numPeopleWant	placeDesc	placeShortDesc	placesNearby	placeAddress	placeAlt	placeLong	placeEditors	placePubDate	placeRelatedLists	placeRelatedPlaces	placeUrl
Bazalgette the Whale	['whales', 'hidden', 'roadside attractions', 'parks', 'statues', 'animals']	178	491	"There’s a huge gray whale lurking beneath the surface of a tiny park in Yachats, Oregon. At least, that’s what this whimsical sculpture wants you to believe.
The first thing visitors to Whale Park will notice is the metal whale tail sticking up from the grass. Upon closer inspection, it becomes clear the ground in front of the tail is rounded as if the rest of the graceful giant were swimming just below the surface.
About once every minute, the whale announces its presence with a spray of water from a hidden source. When the sun hits it just right, it looks as if the underground whale is spouting rainbows. 
Officially known as Bazalgette the Whale, the bronze sculpture was created by local artist Jim Adler in 1995 and is designed to resemble a life-sized gray whale."	There's something big lurking beneath the surface of this tiny Oregon park.	"{'Darlingtonia State Natural Site', 'Sea Lion Caves', ""Thor's Well""}"	140 Prospect AveYachats, OregonUnited States	44.3105	-124.1020	['R Stemple', 'nancicourtney', 'JFMJ', 'kayhoskins66']	2017-10-10	['Crescent Beach', 'Smokey Bear Park', 'Exploding Whale Memorial Park', 'Cast-Iron Dogs of Tivoli Castle']		http://www.yachats.org/artsandculture.html
