placeName	placeTags	numPeopleVisited	numPeopleWant	placeDesc	placeShortDesc	placesNearby	placeAddress	placeAlt	placeLong	placeEditors	placePubDate	placeRelatedLists	placeRelatedPlaces	placeUrl
Beat Museum	['bookstores', 'literature', 'shops', 'museums']	503	1138	"The Beat Museum is a bookstore and museum in the North Beach neighborhood of San Francisco. The museum contains a large collection of memorabilia from the Beat era, including personal effects and manuscripts of Allen Ginsberg, Jack Kerouac, Charles Bukowski, and other prominent poets and writers of the time.
Dedicated to spreading the spirit of the Beat Generation, the small museum is situated in what was once the center of the Beat world in the 1950s. City Lights Books, around the corner, was the original publisher of Ginsberg’s Howl and Other Poems in 1956.
While the first floor feels a bit more like a traditional museum and store, the second floor feels more like someone’s dorm room, or a coffee shop, with couches, books, clippings, and posters plastered along the walls. Visitors are free to lounge and read at their convenience.
Guided tours are available, but visitors are encouraged to roam the museum at their own pace, taking from the stories and photos whatever they need. The Beat Museum also houses an exact replica of the car used to film the 2012 movie adaptation of Kerouac’s On the Road."	A collection of memorabilia from the Beat era in the back of a San Francisco bookstore.	{'Site of the San Francisco Hippodrome', 'Short Story Vending Machine', 'Golden Gate Fortune Cookie Company'}	540 BroadwaySan Francisco, California, 94133United States	37.7981	-122.4062	['mally436', 'Eirik Gumeny', 'knoxium']	2016-06-28	['White Rabbit Books & Curiosities', 'John K. King Used & Rare Books', 'Atlantis Books', 'Traveler Restaurant']		http://www.kerouac.com/
