placeName	placeTags	numPeopleVisited	numPeopleWant	placeDesc	placeShortDesc	placesNearby	placeAddress	placeAlt	placeLong	placeEditors	placePubDate	placeRelatedLists	placeRelatedPlaces	placeUrl
Becket Land Trust Historic Quarry and Forest	['abandoned mines', 'quarries', 'cars', 'industrial', 'parks', 'ruins']	156	782	"This abandoned quarry looks as though the workers simply left one day and never came back.
The former Hudson-Chester quarry was operational from the 1860s to the 1960s, when the business simply stopped, leaving all of their equipment and machinery behind. The land remained abandoned and nature began reasserting itself, going over the roads and leftover industrial hulks.
When a new company wanted to reopen the quarry in 1999, the land was purchased by the local community and put into a public trust so that the natural beauty could be preserved and the disruptive work of mining could be avoided. The area is now opened as a nature park.
Scattered throughout the forest surrounding the quarry are old autos, dredging derricks, and buildings all being taken over by plants and vines and rust. In and near the quarry itself, piles of granite boulders offer beautiful views of the Berkshires, and the perfectly still waters in the pit create a peaceful atmosphere."	Locals purchased this abandoned quarry in order to make sure it continues to be overgrown.	"{'Retro Pop Shop', 'Santarella', ""Herman Melville's Arrowhead""}"	Becket, Massachusetts, 01223United States	42.3320	-73.0829	['cynicalsunshine', 'Milo Vella', 'Maria Valeria Diaz', 'Rachel']	2013-10-29	['Kaiser Quarry Ruins', 'Mine Hill Preserve', 'Seneca Quarry', 'Portland Cement Plant Ruins']		http://www.becketlandtrust.org
