placeName	placeTags	numPeopleVisited	numPeopleWant	placeDesc	placeShortDesc	placesNearby	placeAddress	placeAlt	placeLong	placeEditors	placePubDate	placeRelatedLists	placeRelatedPlaces	placeUrl
Bedford Limestone Pyramid	['outsider architecture', 'ruins']	130	512	"When one thinks of pyramid ruins, it is usually deserts, sphinxes, and ancient mummies that come to mind. But the ruins of the Limestone Pyramid in Needmore, Indiana are of a more modern (and bureaucratic) sort.
The limestone of Indiana contributed to some the greatest buildings in America: the Pentagon and the Empire State Building to name two. Residents of Bedford, Indiana – “The Limestone Capital of the World” – wanted the world to recognize their contributions and thus began plans to build a set of limestone pyramids of their own based on the great Pyramids of Cheops. They were going to create a replica one-fifth of the size – still a towering 95 feet – as well as a replica of the Great Wall of China, 650 feet long. The replicas would attract visitors to the Limestone Tourist Park, and perhaps the tourists would stick around Bedford to see all this southern Indiana town had to offer.
The federal government gave the city grant money to start the project at a nearby limestone quarry, but shortly after construction began, the project came under attack. The “Golden Fleece” awards, awarded by a Wisconsin senator, annually ridiculed pork projects that waste tax dollars. In 1981, the Bedford Limestone Pyramid was the lucky recipient of the Golden Fleece.
Government funding was revoked after just one layer of limestone had been laid, leaving a very sad modern ruin behind. The limestone layer can still be viewed about nine miles north of Bedford."	One-layer pyramid in Indiana.	{'Bluespring Caverns', 'Empire Quarry', 'Statue of Joe Palooka'}	Old St Rd 37Bedford, Indiana, 47421United States	38.9160	-86.5294	['mbison', 'mhiggins11', 'Beth1116', 'Rebekah Otto']	2009-09-01	"['Golubac Fortress', 'Constanța Casino', 'Franceschi Park', ""The Paul Williams-designed Roberts' House""]"		
