placeName	placeTags	numPeopleVisited	numPeopleWant	placeDesc	placeShortDesc	placesNearby	placeAddress	placeAlt	placeLong	placeEditors	placePubDate	placeRelatedLists	placeRelatedPlaces	placeUrl
Beit Guvrin Caves	['subterranean', 'subterranean sites', 'caves', 'ecosystems']	151	410	"Dug out from beneath an area that was once known as the cities of Maresha and Beit Guvrin, the network of caves, named after the latter city, seem to have been created for a number of different reasons down the ages but stand today to amaze contemporary travelers.
Maresha was the first city to stand on the site, dating back before the common era, however it was eventually sacked and replaced by Beit Guvrin. This new city thrived in the area until it too was conquered by the Romans, leaving behind little but ruins and the caves.
The soft chalk earth of the Judean Lowlands made it possible to construct the thousands of caves, using the non-mechanized technology of the time. Archeologists have discovered chambers dating from multiple eras including Sidonian, Israelite, and Roman. Some of the caves appear to have been created to serve as defenses and hideouts, while others still look to have been made simply by chalk mining. Perhaps the most impressive portion of the over 3,000 chamber network are the painted burial rooms created by the Sidonians. These subterranean hollows are painted in bright, vibrant colors that have managed to maintain much of their character over the centuries thanks in large part to their protection from the elements.
Above ground ruins of the city of Maresha as well as a Roman amphitheater can also be found, but it is what lies underground that’s really worth the pilgrimage."	These numerous Israeli caves were dug out over hundreds years for reasons ranging from hideouts to burial sites.	{'Avshalom Cave', 'Elvis American Diner', 'Beit Jimal'}	Beit Guvrin-Maresha National ParkAshkelonIsrael	31.5970	34.9006	['inspire', 'Karen Chernick', 'piniy', 'Martin', 'jackdebear']	2015-02-05	['Caves of Monte Castillo', 'Wine Cellars of Cricova', 'Caverns Grotto', 'Avshalom Cave']		
