placeName	placeTags	numPeopleVisited	numPeopleWant	placeDesc	placeShortDesc	placesNearby	placeAddress	placeAlt	placeLong	placeEditors	placePubDate	placeRelatedLists	placeRelatedPlaces	placeUrl
Belchertown State School for the Feeble-Minded	['insane asylums']	125	560	"The Belchertown State School for the Feeble-Minded was founded in 1922. The 845 acre campus comprising some 57 buildings must be called scenic, if nothing else—the Holyoke Range is visible from the campus, and many of the original structures were old farmhouse cottages (five farms were purchased to build the school).
After its establishment, the school became the only institution for developmentally disabled children in Western Massachusetts. Conditions deteriorated over the next few decades. Wards were overcrowded and attendants overworked. As a result, patients were often left to soak for hours in their own excrement. Sometimes, handicapped patients had their teeth removed to facilitate feeding.
In 1992, the school was finally closed after decades of reported human rights violations. In 1994, the campus was added to the National Register of Historic Places. Today, the buildings are all boarded up. Graffiti and vandalism are rampant. Many of the ward rooms have been destroyed. Weather has also done its fair share of damage. The buildings have asbestos and, while possible to walk in, aren’t structurally sound.
However relics remain of the old school. One room in a large dormitory building still has plastic mats nailed to the walls—a padded cell. Large recreational rooms on either side of the dormitory halls get the most sun. The light is fractured by old-fashioned wheelchairs. In the basement of one building, a piano is lying on its back like a sleeping horse.
An while the town of Belchertown may have forgotten this nasty piece of its history in the few decades since the state school was closed, it is possible the former residents still remember. In an upper floor, a note was scrawled on the floor, on top of which were human feces. “We were here. Now we’re gone,” it read. “Clean this place up. It’s a mess!”"	This decrepit abandoned building is made all the more eerie by its dark history.	{'Quabbin Reservoir', 'Joseph Allen Skinner Museum', 'Eric Carle Museum of Picture Book Art'}	Belchertown, MassachusettsUnited States	42.2716	-72.4156	['RoryMinelor', 'hrnick', 'TheKopasClan', 'laura42', 'rachel redux', 'ghostfilm']	2014-07-03	['Tunnels of Traverse City State Hospital', 'Batavia Depot Museum', 'London Psychiatric Hospital', 'Säter Museum of Mental Health']		
