placeName	placeTags	numPeopleVisited	numPeopleWant	placeDesc	placeShortDesc	placesNearby	placeAddress	placeAlt	placeLong	placeEditors	placePubDate	placeRelatedLists	placeRelatedPlaces	placeUrl
Rhinoceros of Belem Tower	['statues', 'architectural oddities', 'architecture']	1920	968	"The first rhinoceros to set foot on European soil since Roman times did not last long. Surviving the 120-day sea voyage to Portugal, the rhino was a diplomatic gift from India. Arriving in 1515, the Indian rhinoceros was off-loaded near the construction site of the Tower of Belem in Lisbon.
For a few months it was kept shackled and on display at king Manuel I’s Ribeira Palace, where it was used for less-than-sophisticated hijinks: The Portuguese attempted to make the rhino fight an elephant (the elephant wasn’t up for it, and walked off). Before long, Manuel grew tired of the rhino and decided to have it shipped off to Pope Leo X, whom he was buttering up for political favors. The year before, Manuel had sent Leo a hugely popular gift of a rare white elephant, which the pope kept as a pet and named Hanno. (Hanno died two years later of constipation—or rather of hair-brained “cures” for elephant constipation.)
Tragically, the rhino never made it to Rome, drowning instead in a shipwreck off the coast of Northern Italy.
Strangely, the short-lived rhino inspired a famous woodcut by the artist Albrecht Dürer, who never saw the animal in person. He based his illustration on secondhand descriptions and a sketch by an unknown artist. The resulting woodcut shows a magnificent beast in riveted armor. Real rhinos being in somewhat short order at the time, this fanciful interpretation of reality became known as “Dürer’s Rhinoceros” and went on to inspire dozens of paintings and sculptures across Europe.
Meanwhile, the beautiful Tower of Belem was being built as the third in a series of fortifications designed to protect the natural port of Lisbon. Constructed between 1514 and 1520 of local lioz limestone, the tower is an example of the distinctive Portuguese “Manueline” style, named for King Manuel I. The style incorporates motifs inspired by the great Age of Discovery and the recent return of Vasco de Gama from explorations to the Far East. Design elements from Morocco, Venice, and India mingle with nautical symbols like rope. The entrance to the tower is marked with carvings of armillary spheres representing Manuel’s support of exploration.
The turrets are decorated with carvings of exotic beasts. At the base of one of the turrets, stone carvers immortalized the rhinoceros they saw in 1515, now well worn, but notably lacking the armor of Dürer’s interpretation.
The 100-foot tall tower survived the disastrous earthquake of 1755, and has been restored many times. It is now a UNESCO World Heritage Site."	A king's pet, a pope's gift, an artist's inspiration, and a tragic shipwreck.	{'Jerónimos Monastery', 'Electricity Museum', 'National Coach Museum'}	Avenida da IndiaNewton RoadLisbon, 1400-038Portugal	38.6916	-9.2160	['Annetta Black', 'JFish', 'Jaszmina Szendrey', 'wythe', 'yabutmckinney', 'luigi40', 'M\n\nMitch Lang', 'p\n\npresidentehonesto', 'luigi40', 'DronerCT', 'g\n\ngomesleal1', 's\n\nsharondee98', 'nanpalmero', 'e\n\nepfromer', 'jetsettingfools', 'JFish', 'a\n\nalexgonc', 'yabutmckinney', 'Vrielinkie', 'e\n\nemmen', 'Jaszmina Szendrey', 'wythe']	2010-05-16	"['Merlion', 'Wooden Squirrel Carvings', ""Epstein's Medical Sculptures"", 'Chester Imp']"		http://www.mosteirojeronimos.pt/english/web_torre_belem/frameset.html
